asset,factor,windows,coefficient_mean,coefficient_median,coefficient_std,coefficient_p10,coefficient_p90,positive_window_share,significant_5pct_window_share,latest_coefficient,latest_p_value
gold,sp500_log_return_lag1,57,0.0003435076686461684,0.0008404851770503869,0.001628464749904379,-0.0024918201075573828,0.001798328042475405,0.7368421052631579,0.10526315789473684,0.0005221565603827235,0.8160425218647912
gold,broad_usd_log_return_lag1,57,0.00023925448375500372,0.0002177349353336722,0.0002925063995552866,-0.00010481281369727143,0.0005544974239102894,0.8070175438596491,0.0,0.0006206786613096697,0.5986435869221178
gold,us10y_change_pp_lag1,57,0.0002064416499359493,0.0002098758002476287,0.0011858720471920004,-0.0015138541567187793,0.001744693905073614,0.6140350877192983,0.05263157894736842,-0.0015184220836069204,0.3045585038165649
gold,us2y_change_pp_lag1,57,-0.0002569829332202227,-0.00023008023487663704,0.0007981483976519126,-0.0012829157279046221,0.0008253917038925758,0.40350877192982454,0.0,0.0006940931219508643,0.6591582427290402
gold,vix_change_lag1,57,-0.0006889638224159962,6.938673118000766e-05,0.0018059986934989794,-0.0040587710918233676,0.000924772504025862,0.5087719298245614,0.14035087719298245,-0.0013909499766749285,0.4258435658420333
gold,fear_greed_change_lag1,57,-0.0001936906002420789,-0.00021264449111798504,0.0004464315851769714,-0.0006882083996673671,0.0003949614406052354,0.3157894736842105,0.0,-0.0007238064084078249,0.5503131811164959
bitcoin,sp500_log_return_lag1,57,-0.0006017999741007677,-0.0012882077779077638,0.003494132247386081,-0.0042831820926023355,0.004981880169679452,0.2982456140350877,0.0,-0.004260448294487022,0.20045921301358083
bitcoin,broad_usd_log_return_lag1,57,0.0005938662109198597,0.0005978641079327637,0.0012587512923861654,-0.0009585140934298289,0.002234825745474846,0.631578947368421,0.0,-0.0004402403244548157,0.8154994000658723
bitcoin,us10y_change_pp_lag1,57,0.0016953402716766365,0.0008649019883415817,0.0031619099046026836,-0.0017117526820321282,0.006286279868319692,0.631578947368421,0.07017543859649122,-0.0029921586706000832,0.2463761041520801
bitcoin,us2y_change_pp_lag1,57,-0.002589053264805396,-0.002605797173420016,0.002857453786556572,-0.006029825893316753,0.0013424158709509288,0.14035087719298245,0.10526315789473684,-0.0003543163237424134,0.8817674615512403
bitcoin,vix_change_lag1,57,0.0009453666204963363,0.0007338377692482619,0.003078222114267178,-0.002834021055651474,0.006053922961068412,0.6491228070175439,0.0,-0.001199534922258589,0.7007667386702942
bitcoin,fear_greed_change_lag1,57,3.7430172407425767e-06,-0.00013300446906596667,0.0015092292505462415,-0.0016950245459573274,0.0021858590363396826,0.47368421052631576,0.0,-0.0006468458445871502,0.7185808077653242
