event_type,asset,events,mean_car_m5_p10,median_car_m5_p10,positive_car_share,mean_car_0_p10
bitcoin_market_access,bitcoin,1,-0.16752568636374676,-0.16752568636374676,0.0,-0.17470934970778496
bitcoin_market_access,gold,1,-0.033302823227614575,-0.033302823227614575,0.0,-0.01271078044011531
bitcoin_policy,bitcoin,1,0.022622073719865687,0.022622073719865687,1.0,-0.06099675238295699
bitcoin_policy,gold,1,0.02795965374763254,0.02795965374763254,1.0,0.03242673670812635
bitcoin_regulation,bitcoin,1,0.2130437348774612,0.2130437348774612,1.0,0.2630510784898832
bitcoin_regulation,gold,1,0.009258718190706672,0.009258718190706672,1.0,0.010547241047174083
financial_stability,bitcoin,1,0.2358516072211434,0.2358516072211434,1.0,0.29483699504551497
financial_stability,gold,1,0.04621235528350476,0.04621235528350476,1.0,0.02741112666327261
monetary_policy,bitcoin,7,-0.046480154923366226,-0.027977762762288805,0.42857142857142855,-0.02820972893651936
monetary_policy,gold,7,0.015030807743756187,0.016969076894163937,0.7142857142857143,0.022872640857205306
