method,state,asset,observations,annualized_mean_log_return,annualized_volatility,daily_var_95_loss,daily_cvar_95_loss,positive_day_share,worst_daily_return
adaptive,normal,gold,893,0.23371897599293015,0.18807545626284233,0.01683062995754798,0.02785158454705713,0.5442329227323628,-0.1140599606411196
adaptive,normal,bitcoin,893,0.233040637585675,0.4551575683880729,0.044312948954002236,0.06324834459203461,0.49944008958566627,-0.1548895481701482
adaptive,macro_stress,gold,183,-0.07684820695370498,0.23095291618327707,0.025078316512347276,0.03421589515498176,0.5191256830601093,-0.0611647246915101
adaptive,macro_stress,bitcoin,183,0.12404647168921748,0.6267873741339212,0.05947572366786935,0.09352416200109519,0.5081967213114754,-0.1736078611020879
adaptive,crypto_stress,gold,85,0.11373367853772225,0.1923725455033516,0.02154600308770814,0.028061685791900843,0.5176470588235295,-0.0360162540889597
adaptive,crypto_stress,bitcoin,85,-0.838514413865778,0.7928960944796224,0.0640825244544597,0.1321813510041629,0.4470588235294118,-0.2572268307057932
fixed_baseline,normal,gold,1036,0.17193960483876844,0.1739409331845264,0.015842960411202863,0.02644676434331086,0.5463320463320464,-0.1140599606411196
fixed_baseline,normal,bitcoin,1036,0.09280547719168565,0.5295898300000756,0.0524666999722511,0.07643538500750068,0.4922779922779923,-0.1429671467730369
fixed_baseline,macro_stress,gold,193,-0.11224391253309472,0.22484317713996702,0.02229332881712152,0.03299898285183986,0.49222797927461137,-0.0611647246915101
fixed_baseline,macro_stress,bitcoin,193,0.2789719489366233,0.7062725339452862,0.060778476913340915,0.11575888156757688,0.538860103626943,-0.2572268307057932
fixed_baseline,crypto_stress,gold,214,0.16759580933150878,0.21104013123689588,0.02138401692620083,0.03216411022818924,0.5467289719626168,-0.0470169866171605
fixed_baseline,crypto_stress,bitcoin,214,0.43592813069060843,0.636683180309585,0.05512964628141878,0.09386440781478274,0.5046728971962616,-0.1523344080304465
