"日期","收盘","开盘","高","低","交易量","涨跌幅"
"2025-12-31","98.32","98.25","98.50","98.18","","0.09%"
"2025-12-30","98.24","98.01","98.27","97.94","","0.21%"
"2025-12-29","98.04","98.05","98.18","97.92","","0.02%"
"2025-12-26","98.02","97.92","98.13","97.86","","0.08%"
"2025-12-24","97.94","97.89","98.01","97.75","","0.00%"
"2025-12-23","97.94","98.20","98.19","97.85","","-0.35%"
"2025-12-22","98.29","98.67","98.73","98.20","","-0.32%"
"2025-12-19","98.60","98.46","98.75","98.42","","0.17%"
"2025-12-18","98.43","98.38","98.56","98.17","","0.06%"
"2025-12-17","98.37","98.21","98.64","98.18","","0.23%"
"2025-12-16","98.15","98.27","98.32","97.87","","-0.17%"
"2025-12-15","98.31","98.40","98.48","98.14","","-0.09%"
"2025-12-12","98.40","98.32","98.53","98.30","","0.05%"
"2025-12-11","98.35","98.56","98.76","98.13","","-0.45%"
"2025-12-10","98.79","99.21","99.26","98.59","","-0.44%"
"2025-12-9","99.22","99.05","99.31","98.95","","0.13%"
"2025-12-8","99.09","98.97","99.23","98.79","","0.10%"
"2025-12-6","98.99","99.04","98.99","98.99","","0.00%"
"2025-12-5","98.99","99.04","99.13","98.81","","0.00%"
"2025-12-4","98.99","98.92","99.08","98.76","","0.14%"
"2025-12-3","98.85","99.28","99.29","98.82","","-0.51%"
"2025-12-2","99.36","99.45","99.57","99.32","","-0.06%"
"2025-12-1","99.41","99.48","99.51","99.01","","-0.03%"
"2025-11-28","99.44","99.57","99.82","99.38","","-0.15%"
"2025-11-27","99.60","99.50","99.71","99.41","","0.00%"
"2025-11-26","99.60","99.84","99.96","99.56","","-0.07%"
"2025-11-25","99.66","100.21","100.26","99.65","","-0.48%"
"2025-11-24","100.14","100.20","100.30","100.01","","-0.04%"
"2025-11-21","100.18","100.16","100.39","99.99","","0.02%"
"2025-11-20","100.16","100.17","100.36","100.03","","-0.07%"
"2025-11-19","100.23","99.58","100.24","99.49","","0.68%"
"2025-11-18","99.55","99.56","99.66","99.40","","-0.04%"
"2025-11-17","99.59","99.27","99.60","99.25","","0.29%"
"2025-11-14","99.30","99.25","99.40","98.99","","0.14%"
"2025-11-13","99.16","99.52","99.59","98.99","","-0.34%"
"2025-11-12","99.50","99.46","99.71","99.42","","0.05%"
"2025-11-11","99.44","99.66","99.74","99.29","","-0.15%"
"2025-11-10","99.59","99.63","99.74","99.46","","-0.01%"
"2025-11-7","99.60","99.76","99.87","99.40","","-0.13%"
"2025-11-6","99.73","100.11","100.11","99.67","","-0.47%"
"2025-11-5","100.20","100.18","100.36","100.06","","-0.02%"
"2025-11-4","100.22","99.98","100.25","99.74","","0.35%"
"2025-11-3","99.87","99.75","99.99","99.71","","0.07%"
"2025-10-31","99.80","99.49","99.84","99.42","","0.28%"
"2025-10-30","99.53","99.14","99.72","98.92","","0.31%"
"2025-10-29","99.22","98.74","99.36","98.62","","0.56%"
"2025-10-28","98.67","98.75","98.95","98.57","","-0.12%"
"2025-10-27","98.78","98.84","99.00","98.73","","-0.17%"
"2025-10-24","98.95","98.94","99.10","98.73","","0.02%"
"2025-10-23","98.94","98.92","99.14","98.91","","0.04%"
"2025-10-22","98.90","98.97","99.14","98.79","","-0.04%"
"2025-10-21","98.93","98.61","98.98","98.51","","0.35%"
"2025-10-20","98.59","98.67","98.67","98.39","","0.16%"
"2025-10-17","98.43","98.26","98.55","98.03","","0.10%"
"2025-10-16","98.34","98.67","98.70","98.30","","-0.46%"
"2025-10-15","98.79","99.05","99.08","98.65","","-0.26%"
"2025-10-14","99.05","99.30","99.47","98.99","","-0.22%"
"2025-10-13","99.27","98.94","99.35","98.83","","0.29%"
"2025-10-10","98.98","99.39","99.43","98.81","","-0.56%"
"2025-10-9","99.54","98.84","99.56","98.70","","0.63%"
"2025-10-8","98.92","98.61","99.06","98.59","","0.34%"
"2025-10-7","98.58","98.09","98.66","98.09","","0.48%"
"2025-10-6","98.11","97.96","98.50","97.96","","0.39%"
"2025-10-3","97.72","97.85","97.95","97.60","","-0.13%"
"2025-10-2","97.85","97.70","98.13","97.52","","0.14%"
"2025-10-1","97.71","97.82","97.88","97.46","","-0.07%"
"2025-9-30","97.78","97.91","98.04","97.63","","-0.13%"
"2025-9-29","97.91","98.17","98.18","97.77","","-0.25%"
"2025-9-26","98.15","98.50","98.53","98.13","","-0.41%"
"2025-9-25","98.55","97.82","98.61","97.74","","0.69%"
"2025-9-24","97.87","97.24","97.92","97.22","","0.63%"
"2025-9-23","97.26","97.32","97.46","97.20","","-0.08%"
"2025-9-22","97.34","97.65","97.82","97.30","","-0.31%"
"2025-9-19","97.64","97.34","97.81","97.27","","0.30%"
"2025-9-18","97.35","96.93","97.60","96.84","","0.49%"
"2025-9-17","96.87","96.62","97.07","96.22","","0.25%"
"2025-9-16","96.63","97.34","97.39","96.56","","-0.69%"
"2025-9-15","97.30","97.63","97.70","97.27","","-0.25%"
"2025-9-12","97.55","97.52","97.86","97.49","","0.02%"
"2025-9-11","97.53","97.79","98.09","97.47","","-0.25%"
"2025-9-10","97.78","97.83","97.93","97.60","","-0.01%"
"2025-9-9","97.79","97.38","97.82","97.25","","0.34%"
"2025-9-8","97.45","97.79","97.94","97.42","","-0.32%"
"2025-9-5","97.77","98.24","98.26","97.43","","-0.59%"
"2025-9-4","98.35","98.15","98.44","98.08","","0.21%"
"2025-9-3","98.14","98.40","98.64","98.01","","-0.26%"
"2025-9-2","98.40","97.65","98.60","97.62","","0.64%"
"2025-9-1","97.77","97.83","97.87","97.54","","0.00%"
"2025-8-29","97.77","97.87","98.13","97.69","","-0.04%"
"2025-8-28","97.81","98.12","98.23","97.74","","-0.43%"
"2025-8-27","98.23","98.25","98.73","98.15","","0.01%"
"2025-8-26","98.22","98.47","98.56","98.08","","-0.21%"
"2025-8-25","98.43","97.72","98.54","97.71","","0.73%"
"2025-8-22","97.72","98.60","98.83","97.56","","-0.92%"
"2025-8-21","98.62","98.25","98.68","98.18","","0.41%"
"2025-8-20","98.22","98.29","98.44","98.08","","-0.05%"
"2025-8-19","98.26","98.15","98.32","97.94","","0.10%"
"2025-8-18","98.17","97.79","98.19","97.78","","0.32%"
"2025-8-15","97.85","98.18","98.21","97.72","","-0.41%"
"2025-8-14","98.25","97.75","98.32","97.63","","0.42%"
"2025-8-13","97.84","98.04","98.13","97.63","","-0.26%"
"2025-8-12","98.10","98.51","98.62","97.90","","-0.43%"
"2025-8-11","98.52","98.24","99.32","98.03","","0.35%"
"2025-8-8","98.18","97.98","98.35","97.96","","-0.22%"
"2025-8-7","98.40","98.19","98.47","97.94","","0.23%"
"2025-8-6","98.18","98.75","98.84","98.13","","-0.61%"
"2025-8-5","98.78","98.62","99.07","98.58","","0.00%"
"2025-8-4","98.78","98.65","98.98","98.59","","-0.36%"
"2025-8-1","99.14","100.01","100.26","98.61","","-0.83%"
"2025-7-31","99.97","99.80","100.10","99.52","","0.15%"
"2025-7-30","99.82","98.92","99.98","98.70","","0.94%"
"2025-7-29","98.89","98.64","99.14","98.58","","0.26%"
"2025-7-28","98.63","97.58","98.68","97.49","","1.01%"
"2025-7-25","97.64","97.45","97.90","97.43","","0.28%"
"2025-7-24","97.38","97.18","97.55","97.11","","0.17%"
"2025-7-23","97.21","97.47","97.61","97.19","","-0.18%"
"2025-7-22","97.39","97.87","97.99","97.31","","-0.47%"
"2025-7-21","97.85","98.36","98.51","97.70","","-0.64%"
"2025-7-18","98.48","98.49","98.57","98.10","","-0.26%"
"2025-7-17","98.73","98.35","98.95","98.33","","0.35%"
"2025-7-16","98.39","98.58","98.91","97.71","","-0.23%"
"2025-7-15","98.62","98.14","98.70","97.93","","0.55%"
"2025-7-14","98.08","97.96","98.14","97.76","","0.23%"
"2025-7-11","97.85","97.57","97.96","97.56","","0.21%"
"2025-7-10","97.65","97.44","97.92","97.27","","0.10%"
"2025-7-9","97.56","97.55","97.75","97.46","","0.04%"
"2025-7-8","97.52","97.36","97.84","97.18","","0.04%"
"2025-7-7","97.48","96.96","97.67","96.89","","0.53%"
"2025-7-4","96.96","97.09","97.18","96.86","","-0.22%"
"2025-7-3","97.18","96.75","97.42","96.69","","0.42%"
"2025-7-2","96.78","96.64","97.15","96.62","","-0.04%"
"2025-7-1","96.82","96.78","96.95","96.38","","-0.06%"
"2025-6-30","96.88","97.18","97.32","96.77","","-0.54%"
"2025-6-27","97.40","97.33","97.50","97.00","","0.26%"
"2025-6-26","97.15","97.55","97.61","97.00","","-0.54%"
"2025-6-25","97.68","97.93","98.20","97.65","","-0.18%"
"2025-6-24","97.86","98.16","98.28","97.71","","-0.57%"
"2025-6-23","98.42","99.09","99.42","98.35","","-0.29%"
"2025-6-20","98.71","98.67","98.89","98.54","","-0.20%"
"2025-6-19","98.90","98.88","99.16","98.75","","0.00%"
"2025-6-18","98.90","98.87","99.01","98.48","","0.09%"
"2025-6-17","98.82","98.19","98.87","98.02","","0.84%"
"2025-6-16","98.00","98.26","98.36","97.68","","-0.19%"
"2025-6-13","98.18","97.81","98.59","97.62","","0.27%"
"2025-6-12","97.92","98.46","98.52","97.60","","-0.72%"
"2025-6-11","98.63","98.96","99.22","98.53","","-0.47%"
"2025-6-10","99.10","98.98","99.39","98.86","","0.16%"
"2025-6-9","98.94","99.20","99.23","98.82","","-0.25%"
"2025-6-6","99.19","98.70","99.36","98.65","","0.45%"
"2025-6-5","98.74","98.80","98.94","98.35","","-0.05%"
"2025-6-4","98.79","99.18","99.39","98.67","","-0.44%"
"2025-6-3","99.23","98.58","99.33","98.58","","0.53%"
"2025-6-2","98.71","99.41","99.42","98.61","","-0.63%"
"2025-5-30","99.33","99.25","99.67","99.13","","0.05%"
"2025-5-29","99.28","100.54","100.54","99.22","","-0.60%"
"2025-5-28","99.88","99.53","99.96","99.44","","0.36%"
"2025-5-27","99.52","98.96","99.61","98.78","","0.41%"
"2025-5-26","99.11","99.09","99.16","98.69","","0.00%"
"2025-5-23","99.11","99.88","99.94","99.05","","-0.85%"
"2025-5-22","99.96","99.64","100.12","99.44","","0.40%"
"2025-5-21","99.56","99.99","99.99","99.34","","-0.56%"
"2025-5-20","100.12","100.43","100.58","100.01","","-0.31%"
"2025-5-19","100.43","100.90","100.90","100.06","","-0.66%"
"2025-5-17","101.09","100.77","101.09","101.09","","0.00%"
"2025-5-16","101.09","100.77","101.26","100.52","","0.21%"
"2025-5-15","100.88","100.97","101.06","100.59","","-0.16%"
"2025-5-14","101.04","100.95","101.14","100.27","","0.04%"
"2025-5-13","101.00","101.72","101.76","100.91","","-0.77%"
"2025-5-12","101.79","100.69","101.98","100.51","","1.44%"
"2025-5-9","100.34","100.64","100.86","100.09","","-0.30%"
"2025-5-8","100.64","99.85","100.76","99.61","","1.03%"
"2025-5-7","99.61","99.50","99.97","99.29","","0.38%"
"2025-5-6","99.24","99.83","100.10","99.17","","-0.59%"
"2025-5-5","99.83","100.00","100.05","99.46","","-0.20%"
"2025-5-2","100.03","100.18","100.33","99.40","","-0.22%"
"2025-5-1","100.25","99.65","100.38","99.61","","0.78%"
"2025-4-30","99.47","99.17","99.71","99.14","","0.23%"
"2025-4-29","99.24","99.04","99.37","98.95","","0.23%"
"2025-4-28","99.01","99.61","99.84","98.90","","-0.46%"
"2025-4-25","99.47","99.41","99.89","99.40","","0.09%"
"2025-4-24","99.38","99.75","99.84","99.22","","-0.47%"
"2025-4-23","99.84","99.48","99.94","98.86","","0.94%"
"2025-4-22","98.92","98.30","99.64","98.01","","0.65%"
"2025-4-21","98.28","99.08","99.21","97.92","","-1.10%"
"2025-4-17","99.38","99.23","99.75","99.22","","0.00%"
"2025-4-16","99.38","100.06","100.10","99.17","","-0.83%"
"2025-4-15","100.21","99.81","100.28","99.48","","0.58%"
"2025-4-14","99.64","100.02","100.16","99.21","","-0.46%"
"2025-4-11","100.10","100.78","100.78","99.01","","-0.76%"
"2025-4-10","100.87","102.99","103.03","100.70","","-1.98%"
"2025-4-9","102.90","102.75","103.33","101.84","","-0.05%"
"2025-4-8","102.96","103.43","103.44","102.75","","-0.29%"
"2025-4-7","103.26","103.07","103.54","102.18","","0.23%"
"2025-4-4","103.02","101.99","103.18","101.54","","0.93%"
"2025-4-3","102.07","103.15","103.38","101.27","","-1.67%"
"2025-4-2","103.81","104.20","104.31","103.37","","-0.43%"
"2025-4-1","104.26","104.18","104.37","104.02","","0.05%"
"2025-3-31","104.21","104.01","104.39","103.75","","0.16%"
"2025-3-28","104.04","104.28","104.50","103.90","","-0.28%"
"2025-3-27","104.33","104.65","104.65","104.07","","-0.20%"
"2025-3-26","104.55","104.25","104.68","104.18","","0.35%"
"2025-3-25","104.18","104.33","104.47","103.94","","-0.07%"
"2025-3-24","104.26","104.15","104.44","103.84","","0.17%"
"2025-3-21","104.09","103.78","104.22","103.76","","0.23%"
"2025-3-20","103.85","103.43","104.13","103.32","","0.41%"
"2025-3-19","103.43","103.27","103.91","103.25","","0.18%"
"2025-3-18","103.24","103.44","103.68","103.20","","-0.12%"
"2025-3-17","103.37","103.74","103.81","103.30","","-0.34%"
"2025-3-14","103.72","103.83","104.09","103.57","","-0.11%"
"2025-3-13","103.83","103.61","104.08","103.51","","0.21%"
"2025-3-12","103.61","103.42","103.78","103.35","","0.31%"
"2025-3-11","103.29","103.84","103.92","103.22","","-0.66%"
"2025-3-10","103.97","103.90","104.06","103.56","","0.13%"
"2025-3-7","103.84","104.11","104.24","103.46","","-0.22%"
"2025-3-6","104.06","104.32","104.39","103.76","","-0.23%"
"2025-3-5","104.30","105.62","105.77","104.26","","-1.36%"
"2025-3-4","105.74","106.56","106.65","105.53","","-0.94%"
"2025-3-3","106.75","107.56","107.41","106.47","","-0.81%"
"2025-2-28","107.61","107.25","107.66","107.18","","0.35%"
"2025-2-27","107.24","106.53","107.35","106.52","","0.78%"
"2025-2-26","106.42","106.17","106.65","106.16","","0.10%"
"2025-2-25","106.31","106.77","106.79","106.19","","-0.27%"
"2025-2-24","106.60","106.64","106.75","106.13","","-0.02%"
"2025-2-21","106.61","106.46","106.75","106.38","","0.23%"
"2025-2-20","106.37","107.12","107.15","106.33","","-0.75%"
"2025-2-19","107.17","107.03","107.38","106.88","","0.11%"
"2025-2-18","107.05","106.82","107.12","106.81","","0.45%"
"2025-2-17","106.57","106.79","106.90","106.57","","-0.13%"
"2025-2-14","106.71","107.12","107.18","106.57","","-0.56%"
"2025-2-13","107.31","107.92","108.00","107.03","","-0.58%"
"2025-2-12","107.94","108.01","108.52","107.63","","-0.02%"
"2025-2-11","107.96","108.34","108.46","107.78","","-0.33%"
"2025-2-10","108.32","108.10","108.44","108.09","","0.26%"
"2025-2-7","108.04","107.70","108.32","107.52","","0.33%"
"2025-2-6","107.69","107.62","108.10","107.54","","0.10%"
"2025-2-5","107.58","108.05","108.05","107.30","","-0.35%"
"2025-2-4","107.96","108.68","109.04","107.92","","-0.95%"
"2025-2-3","108.99","108.50","109.88","108.34","","0.57%"
"2025-1-31","108.37","108.16","108.57","107.79","","0.53%"
"2025-1-30","107.80","107.86","108.24","107.50","","-0.19%"
"2025-1-29","108.00","107.89","108.29","107.75","","0.12%"
"2025-1-28","107.87","107.71","108.05","107.69","","0.49%"
"2025-1-27","107.34","107.46","107.81","106.97","","-0.09%"
"2025-1-24","107.44","108.09","108.19","107.22","","-0.56%"
"2025-1-23","108.05","108.25","108.51","107.92","","-0.11%"
"2025-1-22","108.17","107.99","108.28","107.75","","0.10%"
"2025-1-21","108.06","107.98","108.79","107.92","","-1.18%"
"2025-1-20","109.35","109.40","109.47","107.92","","0.00%"
"2025-1-17","109.35","108.93","109.42","108.83","","0.36%"
"2025-1-16","108.96","109.07","109.38","108.83","","-0.12%"
"2025-1-15","109.09","109.23","109.38","108.60","","-0.17%"
"2025-1-14","109.27","109.57","109.76","109.18","","-0.62%"
"2025-1-13","109.96","109.64","110.18","109.35","","0.28%"
"2025-1-10","109.65","109.23","109.97","109.08","","0.43%"
"2025-1-9","109.18","109.08","109.38","108.94","","0.08%"
"2025-1-8","109.09","108.62","109.38","108.55","","0.50%"
"2025-1-7","108.54","108.34","108.70","107.85","","0.26%"
"2025-1-6","108.26","108.92","109.07","107.75","","-0.64%"
"2025-1-3","108.95","109.20","109.22","108.90","","-0.40%"
"2025-1-2","109.39","108.53","109.53","108.27","","0.84%"
"2024-12-31","108.49","108.09","108.58","107.87","","0.33%"
"2024-12-30","108.13","108.01","108.38","107.74","","0.12%"
"2024-12-27","108.00","108.08","108.20","107.87","","-0.12%"
"2024-12-26","108.13","108.17","108.30","108.03","","0.01%"
"2024-12-25","108.12","108.16","108.16","108.09","","-0.07%"
"2024-12-24","108.20","108.16","108.30","107.92","","0.15%"
"2024-12-23","108.04","107.81","108.28","107.68","","0.39%"
"2024-12-20","107.62","108.48","108.54","107.59","","-0.73%"
"2024-12-19","108.41","108.10","108.48","107.82","","0.35%"
"2024-12-18","108.03","106.93","108.27","106.82","","1.00%"
"2024-12-17","106.96","106.82","107.08","106.70","","0.09%"
"2024-12-16","106.86","106.94","107.17","106.75","","-0.13%"
"2024-12-13","107.00","106.97","107.19","106.72","","0.04%"
"2024-12-12","106.96","106.56","107.04","106.35","","0.23%"
"2024-12-11","106.71","106.37","106.81","106.27","","0.29%"
"2024-12-10","106.40","106.18","106.64","106.04","","0.24%"
"2024-12-9","106.14","105.97","106.21","105.80","","0.08%"
"2024-12-6","106.06","105.79","106.16","105.42","","0.33%"
"2024-12-5","105.71","106.34","106.37","105.70","","-0.57%"
"2024-12-4","106.32","106.43","106.72","106.09","","-0.04%"
"2024-12-3","106.36","106.48","106.60","106.09","","-0.08%"
"2024-12-2","106.45","105.83","106.73","105.82","","0.67%"
"2024-11-29","105.74","105.95","106.13","105.61","","-0.38%"
"2024-11-28","106.14","106.16","106.42","106.10","","0.06%"
"2024-11-27","106.08","106.82","106.92","105.86","","-0.87%"
"2024-11-26","107.01","107.48","107.50","106.49","","0.18%"
"2024-11-25","106.82","107.49","107.49","106.58","","-0.68%"
"2024-11-22","107.55","107.06","108.07","106.92","","0.54%"
"2024-11-21","106.97","106.59","107.16","106.46","","0.27%"
"2024-11-20","106.68","106.12","106.92","106.11","","0.44%"
"2024-11-19","106.21","106.26","106.63","106.11","","-0.07%"
"2024-11-18","106.28","106.67","106.81","106.13","","-0.38%"
"2024-11-15","106.69","106.90","106.96","106.33","","0.02%"
"2024-11-14","106.67","106.50","107.06","106.38","","0.18%"
"2024-11-13","106.48","106.02","106.54","105.72","","0.43%"
"2024-11-12","106.02","105.49","106.18","105.49","","0.45%"
"2024-11-11","105.54","104.95","105.70","104.93","","0.51%"
"2024-11-8","105.00","104.45","105.21","104.34","","0.47%"
"2024-11-7","104.51","105.16","105.25","104.19","","-0.55%"
"2024-11-6","105.09","103.70","105.44","103.70","","1.61%"
"2024-11-5","103.42","103.91","103.96","103.37","","-0.45%"
"2024-11-4","103.89","104.32","103.97","103.58","","-0.37%"
"2024-11-1","104.28","103.86","104.35","103.68","","0.29%"
"2024-10-31","103.98","104.08","104.22","103.82","","-0.01%"
"2024-10-30","103.99","104.25","104.44","103.98","","-0.32%"
"2024-10-29","104.32","104.31","104.64","104.21","","0.00%"
"2024-10-28","104.32","104.32","104.57","104.12","","0.06%"
"2024-10-25","104.26","104.05","104.34","103.94","","0.19%"
"2024-10-24","104.06","104.43","104.45","104.01","","-0.35%"
"2024-10-23","104.43","104.09","104.57","104.09","","0.34%"
"2024-10-22","104.08","103.97","104.13","103.82","","0.07%"
"2024-10-21","104.01","103.46","104.02","103.42","","0.50%"
"2024-10-18","103.49","103.81","103.81","103.46","","-0.33%"
"2024-10-17","103.83","103.56","103.87","103.44","","0.23%"
"2024-10-16","103.59","103.26","103.61","103.17","","0.32%"
"2024-10-15","103.26","103.21","103.34","103.03","","-0.04%"
"2024-10-14","103.30","102.92","103.36","102.93","","0.40%"
"2024-10-11","102.89","102.88","102.99","102.77","","-0.10%"
"2024-10-10","102.99","102.88","103.18","102.72","","0.06%"
"2024-10-9","102.93","102.48","102.94","102.46","","0.37%"
"2024-10-8","102.55","102.46","102.64","102.29","","0.01%"
"2024-10-7","102.54","102.49","102.62","102.37","","0.02%"
"2024-10-4","102.52","101.91","102.69","101.81","","0.52%"
"2024-10-3","101.99","101.64","102.10","101.63","","0.30%"
"2024-10-2","101.68","101.24","101.69","101.16","","0.48%"
"2024-10-1","101.19","100.74","101.39","100.70","","0.41%"
"2024-9-30","100.78","100.42","100.92","100.18","","0.40%"
"2024-9-27","100.38","100.59","100.88","100.16","","-0.14%"
"2024-9-26","100.52","100.93","100.97","100.48","","-0.39%"
"2024-9-25","100.91","100.28","100.99","100.22","","0.44%"
"2024-9-24","100.47","100.97","101.05","100.34","","-0.38%"
"2024-9-23","100.85","100.74","101.23","100.72","","0.13%"
"2024-9-20","100.72","100.69","101.02","100.41","","0.11%"
"2024-9-19","100.61","101.01","101.47","100.52","","0.01%"
"2024-9-18","100.60","100.94","101.15","100.22","","-0.29%"
"2024-9-17","100.89","100.76","101.03","100.57","","0.13%"
"2024-9-16","100.76","101.03","101.10","100.59","","-0.35%"
"2024-9-13","101.11","101.20","101.20","100.88","","-0.26%"
"2024-9-12","101.37","101.78","101.84","101.22","","-0.30%"
"2024-9-11","101.68","101.66","101.82","101.27","","0.05%"
"2024-9-10","101.63","101.64","101.77","101.54","","0.08%"
"2024-9-9","101.55","101.19","101.70","101.14","","0.37%"
"2024-9-6","101.18","101.06","101.39","100.58","","0.07%"
"2024-9-5","101.11","101.28","101.37","100.96","","-0.25%"
"2024-9-4","101.36","101.69","101.78","101.24","","-0.46%"
"2024-9-3","101.83","101.66","101.92","101.56","","0.18%"
"2024-9-2","101.65","101.73","101.80","101.57","","-0.05%"
"2024-8-30","101.70","101.38","101.78","101.25","","0.36%"
"2024-8-29","101.34","101.00","101.58","100.89","","0.25%"
"2024-8-28","101.09","100.55","101.18","100.55","","0.54%"
"2024-8-27","100.55","100.82","100.93","100.51","","-0.30%"
"2024-8-26","100.85","100.68","100.92","100.53","","0.13%"
"2024-8-23","100.72","101.46","101.55","100.60","","-0.78%"
"2024-8-22","101.51","101.13","101.62","101.09","","0.47%"
"2024-8-21","101.04","101.35","101.63","100.92","","-0.39%"
"2024-8-20","101.44","101.88","102.01","101.36","","-0.44%"
"2024-8-19","101.89","102.40","102.48","101.85","","-0.56%"
"2024-8-16","102.46","103.03","103.05","102.39","","-0.50%"
"2024-8-15","102.98","102.63","103.23","102.54","","0.40%"
"2024-8-14","102.57","102.61","102.72","102.27","","0.01%"
"2024-8-13","102.56","103.09","103.27","102.55","","-0.56%"
"2024-8-12","103.14","103.15","103.31","103.09","","0.00%"
"2024-8-9","103.14","103.27","103.30","103.03","","-0.07%"
"2024-8-8","103.21","103.09","103.55","102.92","","0.01%"
"2024-8-7","103.20","102.95","103.37","102.92","","0.22%"
"2024-8-6","102.97","102.78","103.22","102.70","","0.27%"
"2024-8-5","102.69","103.22","103.28","102.16","","-0.50%"
"2024-8-2","103.21","104.31","104.43","103.12","","-1.16%"
"2024-8-1","104.42","104.07","104.45","103.86","","0.31%"
"2024-7-31","104.10","104.43","104.53","103.93","","-0.43%"
"2024-7-30","104.55","104.56","104.80","104.45","","-0.01%"
"2024-7-29","104.56","104.33","104.75","104.14","","0.23%"
"2024-7-26","104.32","104.36","104.45","104.21","","-0.04%"
"2024-7-25","104.36","104.38","104.45","104.08","","-0.03%"
"2024-7-24","104.39","104.48","104.56","104.12","","-0.06%"
"2024-7-23","104.45","104.31","104.53","104.20","","0.13%"
"2024-7-22","104.31","104.36","104.42","104.18","","-0.09%"
"2024-7-19","104.40","104.16","104.42","104.13","","0.22%"
"2024-7-18","104.17","103.70","104.23","103.65","","0.40%"
"2024-7-17","103.75","104.22","104.29","103.65","","-0.50%"
"2024-7-16","104.27","104.25","104.51","104.20","","0.08%"
"2024-7-15","104.19","104.08","104.32","104.03","","0.10%"
"2024-7-12","104.09","104.52","104.55","104.04","","-0.34%"
"2024-7-11","104.44","104.99","105.00","104.08","","-0.58%"
"2024-7-10","105.05","105.12","105.17","104.98","","-0.08%"
"2024-7-9","105.13","104.99","105.21","104.95","","0.12%"
"2024-7-8","105.00","104.88","105.03","104.80","","0.11%"
"2024-7-5","104.88","105.17","105.17","104.83","","-0.24%"
"2024-7-4","105.13","105.32","105.36","105.10","","-0.26%"
"2024-7-3","105.40","105.67","105.80","105.05","","-0.30%"
"2024-7-2","105.72","105.85","106.05","105.66","","-0.17%"
"2024-7-1","105.90","105.85","105.98","105.42","","0.03%"
"2024-6-28","105.87","105.92","106.13","105.75","","-0.04%"
"2024-6-27","105.91","106.06","106.08","105.71","","-0.13%"
"2024-6-26","106.05","105.66","106.13","105.61","","0.42%"
"2024-6-25","105.61","105.51","105.78","105.37","","0.13%"
"2024-6-24","105.47","105.83","105.90","105.37","","-0.31%"
"2024-6-21","105.80","105.64","105.92","105.54","","0.20%"
"2024-6-20","105.59","105.20","105.67","105.20","","0.32%"
"2024-6-19","105.25","105.26","105.34","105.15","","-0.01%"
"2024-6-18","105.26","105.30","105.56","105.12","","-0.06%"
"2024-6-17","105.32","105.51","105.65","105.31","","-0.22%"
"2024-6-14","105.55","105.23","105.81","105.18","","0.33%"
"2024-6-13","105.20","104.69","105.28","104.64","","0.54%"
"2024-6-12","104.64","105.28","105.32","104.26","","-0.56%"
"2024-6-11","105.23","105.15","105.46","105.09","","0.08%"
"2024-6-10","105.15","104.94","105.39","105.04","","0.25%"
"2024-6-7","104.89","104.09","104.95","104.00","","0.76%"
"2024-6-6","104.10","104.25","104.37","104.05","","-0.16%"
"2024-6-5","104.27","104.17","104.46","104.12","","0.15%"
"2024-6-4","104.11","104.05","104.33","103.99","","-0.03%"
"2024-6-3","104.14","104.62","104.77","104.04","","-0.51%"
"2024-5-31","104.67","104.76","104.90","104.36","","-0.05%"
"2024-5-30","104.72","105.13","105.18","104.63","","-0.36%"
"2024-5-29","105.10","104.64","105.14","104.59","","0.47%"
"2024-5-28","104.61","104.58","104.64","104.33","","0.02%"
"2024-5-27","104.59","104.75","104.75","104.57","","-0.12%"
"2024-5-24","104.72","105.03","105.12","104.64","","-0.37%"
"2024-5-23","105.11","104.90","105.11","104.62","","0.17%"
"2024-5-22","104.93","104.62","104.97","104.56","","0.26%"
"2024-5-21","104.66","104.60","104.77","104.48","","0.10%"
"2024-5-20","104.56","104.50","104.65","104.39","","0.11%"
"2024-5-17","104.44","104.50","104.80","104.39","","-0.02%"
"2024-5-16","104.46","104.21","104.63","104.08","","0.12%"
"2024-5-15","104.34","105.05","105.06","104.28","","-0.64%"
"2024-5-14","105.01","105.20","105.46","104.96","","-0.20%"
"2024-5-13","105.22","105.31","105.37","105.06","","-0.08%"
"2024-5-10","105.30","105.20","105.40","105.14","","0.07%"
"2024-5-9","105.23","105.52","105.74","105.20","","-0.30%"
"2024-5-8","105.55","105.42","105.64","105.39","","0.13%"
"2024-5-7","105.41","105.14","105.45","105.03","","0.34%"
"2024-5-6","105.05","105.08","105.20","104.87","","0.02%"
"2024-5-3","105.03","105.31","105.37","104.52","","-0.26%"
"2024-5-2","105.30","105.73","105.90","105.30","","-0.43%"
"2024-5-1","105.75","106.31","106.49","105.44","","-0.44%"
"2024-4-30","106.22","105.67","106.34","105.67","","0.61%"
"2024-4-29","105.58","106.09","106.08","105.46","","-0.34%"
"2024-4-26","105.94","105.58","106.19","105.41","","0.32%"
"2024-4-25","105.60","105.82","106.00","105.51","","-0.25%"
"2024-4-24","105.86","105.69","105.95","105.59","","0.18%"
"2024-4-23","105.67","106.12","106.24","105.61","","-0.39%"
"2024-4-22","106.08","106.12","106.39","105.98","","-0.07%"
"2024-4-19","106.15","106.19","106.35","105.85","","0.00%"
"2024-4-18","106.15","105.93","106.18","105.74","","0.19%"
"2024-4-17","105.95","106.33","106.44","105.87","","-0.29%"
"2024-4-16","106.26","106.17","106.52","106.07","","0.05%"
"2024-4-15","106.21","106.01","106.25","105.84","","0.16%"
"2024-4-12","106.04","105.28","106.11","105.24","","0.72%"
"2024-4-11","105.28","105.18","105.53","105.03","","0.03%"
"2024-4-10","105.25","104.10","105.30","104.02","","1.06%"
"2024-4-9","104.15","104.12","104.20","103.88","","0.01%"
"2024-4-8","104.14","104.29","104.44","104.10","","-0.15%"
"2024-4-5","104.30","104.21","104.69","104.14","","0.17%"
"2024-4-4","104.12","104.23","104.26","103.92","","-0.12%"
"2024-4-3","104.25","104.77","104.84","104.23","","-0.54%"
"2024-4-2","104.82","105.00","105.10","104.68","","-0.19%"
"2024-4-1","105.02","104.49","105.08","104.42","","0.45%"
"2024-3-29","104.55","104.54","104.67","104.41","","0.00%"
"2024-3-28","104.55","104.44","104.73","104.31","","0.19%"
"2024-3-27","104.35","104.30","104.46","104.22","","0.06%"
"2024-3-26","104.29","104.22","104.34","104.01","","0.06%"
"2024-3-25","104.23","104.43","104.47","104.14","","-0.23%"
"2024-3-22","104.47","103.99","104.50","103.92","","0.45%"
"2024-3-21","104.00","103.24","104.05","103.17","","0.57%"
"2024-3-20","103.41","103.84","104.15","103.38","","-0.41%"
"2024-3-19","103.84","103.59","104.06","103.58","","0.24%"
"2024-3-18","103.59","103.45","103.65","103.33","","0.15%"
"2024-3-15","103.43","103.39","103.49","103.30","","0.07%"
"2024-3-14","103.36","102.76","103.40","102.74","","0.55%"
"2024-3-13","102.79","102.92","103.02","102.67","","-0.17%"
"2024-3-12","102.96","102.82","103.18","102.72","","0.09%"
"2024-3-11","102.87","102.74","102.93","102.64","","0.16%"
"2024-3-8","102.71","102.73","102.90","102.36","","-0.11%"
"2024-3-7","102.82","103.31","103.35","102.79","","-0.53%"
"2024-3-6","103.37","103.81","103.89","103.20","","-0.41%"
"2024-3-5","103.80","103.85","103.95","103.58","","-0.03%"
"2024-3-4","103.83","103.89","103.96","103.73","","-0.03%"
"2024-3-1","103.86","104.13","104.29","103.84","","-0.29%"
"2024-2-29","104.16","103.92","104.20","103.66","","0.18%"
"2024-2-28","103.97","103.84","104.24","103.81","","0.13%"
"2024-2-27","103.83","103.78","103.92","103.61","","0.00%"
"2024-2-26","103.83","103.96","104.02","103.71","","-0.11%"
"2024-2-23","103.94","103.95","104.05","103.77","","-0.02%"
"2024-2-22","103.96","103.91","104.13","103.43","","-0.05%"
"2024-2-21","104.01","104.04","104.21","103.94","","-0.07%"
"2024-2-20","104.08","104.32","104.41","103.80","","-0.20%"
"2024-2-19","104.29","104.28","104.37","104.14","","-0.01%"
"2024-2-16","104.30","104.30","104.67","104.17","","0.00%"
"2024-2-15","104.30","104.66","104.71","104.18","","-0.40%"
"2024-2-14","104.72","104.83","104.98","104.66","","-0.23%"
"2024-2-13","104.96","104.17","104.96","103.97","","0.76%"
"2024-2-12","104.17","104.08","104.28","103.89","","0.06%"
"2024-2-9","104.11","104.14","104.26","103.95","","-0.06%"
"2024-2-8","104.17","104.03","104.43","103.95","","0.11%"
"2024-2-7","104.06","104.15","104.17","103.94","","-0.14%"
"2024-2-6","104.21","104.44","104.59","104.14","","-0.23%"
"2024-2-5","104.45","103.96","104.60","103.96","","0.51%"
"2024-2-2","103.92","102.99","104.04","102.90","","0.84%"
"2024-2-1","103.05","103.51","103.81","103.02","","-0.21%"
"2024-1-31","103.27","103.42","103.74","102.94","","-0.13%"
"2024-1-30","103.40","103.44","103.61","103.31","","-0.20%"
"2024-1-29","103.61","103.47","103.82","103.40","","0.17%"
"2024-1-26","103.43","103.52","103.73","103.15","","-0.14%"
"2024-1-25","103.57","103.35","103.68","103.12","","0.32%"
"2024-1-24","103.24","103.51","103.55","102.77","","-0.37%"
"2024-1-23","103.62","103.35","103.82","102.98","","0.28%"
"2024-1-22","103.33","103.24","103.37","103.11","","0.04%"
"2024-1-19","103.29","103.37","103.55","103.24","","-0.24%"
"2024-1-18","103.54","103.37","103.63","103.15","","0.09%"
"2024-1-17","103.45","103.36","103.69","103.26","","0.09%"
"2024-1-16","103.36","102.74","103.42","102.74","","0.94%"
"2024-1-15","102.40","102.44","102.67","102.31","","0.00%"
"2024-1-12","102.40","102.30","102.59","102.09","","0.11%"
"2024-1-11","102.29","102.30","102.76","102.16","","-0.07%"
"2024-1-10","102.36","102.48","102.64","102.34","","-0.20%"
"2024-1-9","102.57","102.22","102.66","102.11","","0.35%"
"2024-1-8","102.21","102.44","102.62","102.08","","-0.20%"
"2024-1-5","102.41","102.39","103.10","101.91","","-0.01%"
"2024-1-4","102.42","102.46","102.53","102.14","","-0.07%"
"2024-1-3","102.49","102.15","102.73","102.08","","0.28%"
"2024-1-2","102.20","101.42","102.25","101.34","","0.86%"
"2023-12-29","101.33","101.20","101.42","101.07","","0.10%"
"2023-12-28","101.23","100.87","101.30","100.62","","0.24%"
"2023-12-27","100.99","101.55","101.57","100.83","","-0.47%"
"2023-12-26","101.47","101.65","101.77","101.44","","-0.23%"
"2023-12-22","101.70","101.76","101.89","101.43","","-0.14%"
"2023-12-21","101.84","102.39","102.45","101.73","","-0.56%"
"2023-12-20","102.41","102.19","102.54","102.16","","0.23%"
"2023-12-19","102.17","102.47","102.63","102.06","","-0.38%"
"2023-12-18","102.56","102.59","102.63","102.38","","0.01%"
"2023-12-15","102.55","102.10","102.64","101.84","","0.58%"
"2023-12-14","101.96","102.78","102.80","101.77","","-0.88%"
"2023-12-13","102.87","103.82","104.03","102.78","","-0.95%"
"2023-12-12","103.86","104.03","104.10","103.49","","-0.22%"
"2023-12-11","104.09","103.98","104.26","103.93","","0.08%"
"2023-12-8","104.01","103.64","104.26","103.44","","0.45%"
"2023-12-7","103.54","104.11","104.20","103.27","","-0.59%"
"2023-12-6","104.15","103.99","104.23","103.87","","0.10%"
"2023-12-5","104.05","103.56","104.09","103.55","","0.33%"
"2023-12-4","103.71","103.19","103.85","103.06","","0.43%"
"2023-12-1","103.27","103.36","103.72","103.11","","-0.22%"
"2023-11-30","103.50","102.83","103.59","102.72","","0.71%"
"2023-11-29","102.77","102.65","103.01","102.47","","0.02%"
"2023-11-28","102.75","103.12","103.32","102.61","","-0.44%"
"2023-11-27","103.20","103.42","103.53","103.19","","-0.19%"
"2023-11-24","103.40","103.75","103.84","103.36","","-0.36%"
"2023-11-23","103.77","103.86","103.88","103.53","","-0.14%"
"2023-11-22","103.92","103.55","104.21","103.48","","0.35%"
"2023-11-21","103.56","103.47","103.71","103.18","","0.12%"
"2023-11-20","103.44","103.81","103.97","103.38","","-0.46%"
"2023-11-17","103.92","104.40","104.55","103.81","","-0.41%"
"2023-11-16","104.35","104.36","104.56","104.01","","-0.04%"
"2023-11-15","104.39","104.22","104.51","103.98","","0.33%"
"2023-11-14","104.05","105.65","105.73","103.99","","-1.50%"
"2023-11-13","105.63","105.80","105.96","105.59","","-0.22%"
"2023-11-10","105.86","105.93","106.01","105.74","","-0.05%"
"2023-11-9","105.91","105.53","105.97","105.38","","0.30%"
"2023-11-8","105.59","105.54","105.87","105.45","","0.05%"
"2023-11-7","105.54","105.27","105.78","105.27","","0.30%"
"2023-11-6","105.22","105.07","105.29","104.85","","0.19%"
"2023-11-3","105.02","106.20","106.22","104.94","","-1.04%"
"2023-11-2","106.12","106.50","106.51","105.81","","-0.71%"
"2023-11-1","106.88","106.67","107.11","106.61","","0.21%"
"2023-10-31","106.66","106.16","106.86","105.91","","0.51%"
"2023-10-30","106.12","106.58","106.70","106.06","","-0.41%"
"2023-10-27","106.56","106.58","106.80","106.32","","-0.04%"
"2023-10-26","106.60","106.58","106.89","106.53","","0.07%"
"2023-10-25","106.53","106.25","106.57","106.14","","0.24%"
"2023-10-24","106.27","105.61","106.32","105.36","","0.69%"
"2023-10-23","105.54","106.16","106.33","105.52","","-0.58%"
"2023-10-20","106.16","106.25","106.42","106.07","","-0.08%"
"2023-10-19","106.25","106.54","106.67","105.97","","-0.29%"
"2023-10-18","106.56","106.22","106.64","106.01","","0.29%"
"2023-10-17","106.25","106.26","106.53","106.02","","0.01%"
"2023-10-16","106.24","106.58","106.63","106.18","","-0.38%"
"2023-10-13","106.65","106.52","106.79","106.29","","0.05%"
"2023-10-12","106.60","105.67","106.60","105.53","","0.74%"
"2023-10-11","105.82","105.73","106.01","105.56","","-0.01%"
"2023-10-10","105.83","106.03","106.25","105.66","","-0.24%"
"2023-10-9","106.08","106.10","106.60","106.02","","0.04%"
"2023-10-6","106.04","106.36","106.97","105.95","","-0.27%"
"2023-10-5","106.33","106.77","106.86","106.32","","-0.44%"
"2023-10-4","106.80","107.06","107.24","106.51","","-0.19%"
"2023-10-3","107.00","107.03","107.35","106.91","","0.09%"
"2023-10-2","106.90","106.17","107.03","106.04","","0.64%"
"2023-9-29","106.22","106.15","106.24","105.66","","0.00%"
"2023-9-28","106.22","106.68","106.75","106.02","","-0.42%"
"2023-9-27","106.67","106.22","106.84","106.17","","0.41%"
"2023-9-26","106.23","105.94","106.26","105.86","","0.22%"
"2023-9-25","106.00","105.57","106.10","105.52","","0.40%"
"2023-9-22","105.58","105.38","105.78","105.32","","0.21%"
"2023-9-21","105.36","105.44","105.74","105.28","","0.23%"
"2023-9-20","105.12","105.11","105.44","104.67","","-0.04%"
"2023-9-19","105.16","105.08","105.21","104.81","","-0.04%"
"2023-9-18","105.20","105.30","105.36","105.02","","-0.11%"
"2023-9-15","105.32","105.38","105.41","105.08","","-0.09%"
"2023-9-14","105.41","104.74","105.44","104.56","","0.61%"
"2023-9-13","104.77","104.58","104.97","104.51","","0.06%"
"2023-9-12","104.71","104.56","104.92","104.46","","0.13%"
"2023-9-11","104.57","105.06","104.94","104.42","","-0.49%"
"2023-9-8","105.09","105.06","105.10","104.66","","0.03%"
"2023-9-7","105.06","104.86","105.16","104.80","","0.19%"
"2023-9-6","104.86","104.75","105.02","104.59","","0.05%"
"2023-9-5","104.81","104.13","104.91","104.11","","0.55%"
"2023-9-4","104.24","104.26","104.27","104.03","","0.00%"
"2023-9-1","104.24","103.62","104.29","103.27","","0.60%"
"2023-8-31","103.62","103.10","103.74","103.01","","0.45%"
"2023-8-30","103.16","103.44","103.70","102.94","","-0.36%"
"2023-8-29","103.53","103.92","104.36","103.36","","-0.51%"
"2023-8-28","104.06","104.19","104.21","103.97","","-0.02%"
"2023-8-25","104.08","104.09","104.45","103.74","","0.10%"
"2023-8-24","103.98","103.36","104.03","103.27","","0.54%"
"2023-8-23","103.42","103.58","103.98","103.30","","-0.14%"
"2023-8-22","103.56","103.33","103.72","103.01","","0.25%"
"2023-8-21","103.30","103.43","103.50","103.14","","-0.08%"
"2023-8-18","103.38","103.40","103.68","103.22","","-0.18%"
"2023-8-17","103.57","103.47","103.60","103.06","","0.14%"
"2023-8-16","103.43","103.21","103.53","102.94","","0.21%"
"2023-8-15","103.21","103.21","103.28","103.15","","0.02%"
"2023-8-14","103.19","102.85","103.46","102.77","","0.34%"
"2023-8-11","102.84","102.62","102.91","102.42","","0.31%"
"2023-8-10","102.52","102.48","102.65","101.78","","0.03%"
"2023-8-9","102.49","102.55","102.58","102.29","","-0.04%"
"2023-8-8","102.53","102.07","102.80","102.06","","0.47%"
"2023-8-7","102.05","101.99","102.38","101.97","","0.03%"
"2023-8-4","102.02","102.45","102.62","101.74","","-0.51%"
"2023-8-3","102.54","102.59","102.84","102.36","","-0.05%"
"2023-8-2","102.59","101.96","102.78","101.96","","0.28%"
"2023-8-1","102.30","101.87","102.43","101.85","","0.43%"
"2023-7-31","101.86","101.89","101.90","101.86","","0.24%"
"2023-7-28","101.62","101.69","102.04","101.36","","-0.15%"
"2023-7-27","101.77","101.11","101.84","100.55","","0.87%"
"2023-7-26","100.89","101.32","101.44","100.86","","-0.45%"
"2023-7-25","101.35","101.42","101.65","101.19","","0.00%"
"2023-7-24","101.35","101.05","101.42","100.89","","0.28%"
"2023-7-21","101.07","100.78","101.19","100.72","","0.19%"
"2023-7-20","100.88","100.78","100.97","100.02","","0.60%"
"2023-7-19","100.28","99.98","100.53","99.92","","0.34%"
"2023-7-18","99.94","99.89","100.11","99.59","","0.10%"
"2023-7-17","99.84","99.96","100.18","99.75","","-0.07%"
"2023-7-14","99.91","99.75","100.02","99.58","","0.14%"
"2023-7-13","99.77","100.52","100.61","99.74","","-0.75%"
"2023-7-12","100.52","101.59","101.61","100.51","","-1.19%"
"2023-7-11","101.73","101.94","101.97","101.65","","-0.24%"
"2023-7-10","101.97","102.29","102.56","101.95","","-0.29%"
"2023-7-7","102.27","103.08","103.19","102.23","","-0.78%"
"2023-7-6","103.07","103.35","103.57","102.92","","-0.29%"
"2023-7-5","103.37","103.08","103.39","102.95","","0.32%"
"2023-7-4","103.04","102.97","103.11","102.88","","0.08%"
"2023-7-3","102.96","102.93","103.27","102.75","","0.05%"
"2023-6-30","102.91","103.34","103.54","102.75","","-0.42%"
"2023-6-29","103.34","102.96","103.44","102.78","","0.42%"
"2023-6-28","102.91","102.51","103.14","102.47","","0.41%"
"2023-6-27","102.49","102.74","102.80","102.32","","-0.19%"
"2023-6-26","102.69","102.87","102.83","102.61","","-0.20%"
"2023-6-23","102.90","102.38","103.17","102.38","","0.50%"
"2023-6-22","102.39","102.03","102.47","101.92","","0.31%"
"2023-6-21","102.07","102.50","102.70","102.02","","-0.46%"
"2023-6-20","102.54","102.48","102.78","102.32","","0.02%"
"2023-6-19","102.52","102.30","102.55","102.25","","0.27%"
"2023-6-16","102.24","102.12","102.43","102.01","","0.13%"
"2023-6-15","102.11","102.96","103.38","102.09","","-0.82%"
"2023-6-14","102.95","103.32","103.40","102.66","","-0.38%"
"2023-6-13","103.34","103.58","103.62","103.05","","-0.30%"
"2023-6-12","103.65","103.55","103.76","103.24","","0.09%"
"2023-6-9","103.56","103.30","103.61","103.30","","0.21%"
"2023-6-8","103.34","104.07","104.07","103.30","","-0.73%"
"2023-6-7","104.10","104.12","104.30","103.66","","-0.02%"
"2023-6-6","104.12","104.01","104.37","103.82","","0.12%"
"2023-6-5","104.00","104.04","104.40","103.93","","-0.02%"
"2023-6-2","104.02","103.56","104.09","103.38","","0.44%"
"2023-6-1","103.56","104.15","104.50","103.50","","-0.74%"
"2023-5-31","104.33","104.05","104.70","104.01","","0.15%"
"2023-5-30","104.17","104.30","104.53","103.88","","-0.09%"
"2023-5-29","104.26","104.24","104.31","104.04","","0.05%"
"2023-5-26","104.21","104.23","104.42","103.85","","-0.04%"
"2023-5-25","104.25","103.86","104.31","103.84","","0.35%"
"2023-5-24","103.89","103.54","103.91","103.35","","0.39%"
"2023-5-23","103.49","103.27","103.65","103.16","","0.28%"
"2023-5-22","103.20","103.19","103.37","102.96","","0.00%"
"2023-5-19","103.20","103.51","103.62","103.00","","-0.37%"
"2023-5-18","103.58","102.91","103.62","102.80","","0.68%"
"2023-5-17","102.88","102.61","103.11","102.54","","0.31%"
"2023-5-16","102.56","102.43","102.69","102.20","","0.13%"
"2023-5-15","102.43","102.70","102.75","102.38","","-0.24%"
"2023-5-12","102.68","102.09","102.71","101.94","","0.61%"
"2023-5-11","102.06","101.41","102.15","101.30","","0.57%"
"2023-5-10","101.48","101.62","101.81","101.22","","-0.13%"
"2023-5-9","101.61","101.40","101.83","101.36","","0.23%"
"2023-5-8","101.38","101.28","101.42","101.04","","0.17%"
"2023-5-5","101.21","101.34","101.78","101.12","","-0.19%"
"2023-5-4","101.40","101.20","101.64","101.03","","0.06%"
"2023-5-3","101.34","101.86","101.92","101.07","","-0.61%"
"2023-5-2","101.96","102.14","102.40","101.88","","-0.19%"
"2023-5-1","102.15","101.67","102.19","101.62","","0.48%"
"2023-4-28","101.66","101.47","102.17","101.42","","0.16%"
"2023-4-27","101.50","101.40","101.80","101.28","","0.03%"
"2023-4-26","101.47","101.81","101.89","101.01","","-0.38%"
"2023-4-25","101.86","101.26","101.95","101.20","","0.50%"
"2023-4-24","101.35","101.72","101.91","101.32","","-0.46%"
"2023-4-21","101.82","101.80","102.12","101.65","","-0.02%"
"2023-4-20","101.84","101.99","102.13","101.63","","-0.13%"
"2023-4-19","101.97","101.70","102.23","101.66","","0.22%"
"2023-4-18","101.75","102.10","102.14","101.64","","-0.34%"
"2023-4-17","102.10","101.58","102.23","101.53","","0.54%"
"2023-4-14","101.55","101.00","101.75","100.79","","0.53%"
"2023-4-13","101.01","101.47","101.60","100.85","","-0.48%"
"2023-4-12","101.50","102.13","102.16","101.45","","-0.68%"
"2023-4-11","102.20","102.52","102.52","102.01","","-0.37%"
"2023-4-10","102.58","102.09","102.81","101.99","","0.48%"
"2023-4-7","102.09","101.94","102.30","101.88","","0.27%"
"2023-4-6","101.82","101.83","102.14","101.75","","-0.03%"
"2023-4-5","101.85","101.52","101.99","101.42","","0.26%"
"2023-4-4","101.59","102.01","102.28","101.46","","-0.49%"
"2023-4-3","102.09","102.59","103.06","101.98","","-0.41%"
"2023-3-31","102.51","102.20","102.63","102.05","","0.36%"
"2023-3-30","102.14","102.62","102.78","102.07","","-0.49%"
"2023-3-29","102.64","102.49","102.79","102.37","","0.21%"
"2023-3-28","102.43","102.75","102.76","102.38","","-0.42%"
"2023-3-27","102.86","103.11","103.23","102.83","","-0.25%"
"2023-3-24","103.12","102.60","103.36","102.50","","0.58%"
"2023-3-23","102.53","102.50","102.64","101.92","","0.18%"
"2023-3-22","102.35","103.19","103.27","102.06","","-0.88%"
"2023-3-21","103.26","103.31","103.52","103.00","","-0.02%"
"2023-3-20","103.28","103.86","103.96","103.28","","-0.41%"
"2023-3-17","103.71","104.41","104.44","103.69","","-0.68%"
"2023-3-16","104.42","104.62","104.74","104.20","","-0.22%"
"2023-3-15","104.65","103.74","105.10","103.44","","1.01%"
"2023-3-14","103.60","103.67","104.05","103.50","","0.01%"
"2023-3-13","103.59","104.64","104.64","103.48","","-0.95%"
"2023-3-10","104.58","105.12","105.35","104.04","","-0.69%"
"2023-3-9","105.31","105.62","105.73","105.15","","-0.33%"
"2023-3-8","105.66","105.67","105.88","105.36","","0.05%"
"2023-3-7","105.61","104.30","105.65","104.12","","1.21%"
"2023-3-6","104.35","104.53","104.69","104.16","","-0.16%"
"2023-3-3","104.52","104.94","105.00","104.48","","-0.49%"
"2023-3-2","105.03","104.39","105.18","104.39","","0.53%"
"2023-3-1","104.48","105.04","105.09","104.09","","-0.37%"
"2023-2-28","104.87","104.63","105.00","104.42","","0.19%"
"2023-2-27","104.67","105.26","105.36","104.55","","-0.51%"
"2023-2-24","105.21","104.56","105.32","104.42","","0.58%"
"2023-2-23","104.60","104.50","104.78","104.31","","0.02%"
"2023-2-22","104.58","104.13","104.59","104.01","","0.38%"
"2023-2-21","104.18","103.91","104.26","103.77","","0.31%"
"2023-2-20","103.86","103.88","104.09","103.76","","0.00%"
"2023-2-17","103.86","104.20","104.67","103.84","","0.00%"
"2023-2-16","103.86","103.88","104.23","103.53","","-0.06%"
"2023-2-15","103.92","103.21","104.11","103.16","","0.67%"
"2023-2-14","103.23","103.22","103.52","102.59","","-0.11%"
"2023-2-13","103.34","103.58","103.84","103.24","","-0.28%"
"2023-2-10","103.63","103.25","103.68","102.90","","0.40%"
"2023-2-9","103.22","103.43","103.55","102.64","","-0.18%"
"2023-2-8","103.41","103.27","103.52","103.00","","-0.02%"
"2023-2-7","103.43","103.54","103.96","103.00","","-0.18%"
"2023-2-6","103.62","103.10","103.77","103.01","","0.68%"
"2023-2-3","102.92","101.83","103.01","101.55","","1.15%"
"2023-2-2","101.75","100.85","101.91","100.82","","0.52%"
"2023-2-1","101.22","102.09","102.19","101.04","","-0.86%"
"2023-1-31","102.10","102.19","102.61","102.01","","-0.18%"
"2023-1-30","102.28","101.92","102.31","101.66","","0.34%"
"2023-1-27","101.93","101.72","102.19","101.68","","0.09%"
"2023-1-26","101.84","101.58","102.18","101.50","","0.20%"
"2023-1-25","101.64","102.00","102.12","101.58","","-0.27%"
"2023-1-24","101.92","101.99","102.43","101.72","","-0.22%"
"2023-1-23","102.14","101.99","102.28","101.59","","0.13%"
"2023-1-20","102.01","102.08","102.55","101.94","","-0.05%"
"2023-1-19","102.06","102.38","102.48","101.99","","-0.29%"
"2023-1-18","102.36","102.47","102.90","101.53","","-0.03%"
"2023-1-17","102.39","102.32","102.56","101.94","","0.12%"
"2023-1-16","102.27","102.18","102.56","101.77","","0.07%"
"2023-1-13","102.20","102.21","102.65","101.99","","-0.05%"
"2023-1-12","102.25","103.06","103.29","102.08","","-0.91%"
"2023-1-11","103.19","103.22","103.48","103.11","","-0.05%"
"2023-1-10","103.24","103.29","103.49","103.03","","0.23%"
"2023-1-9","103.00","103.91","103.94","102.94","","-0.85%"
"2023-1-6","103.88","105.05","105.63","103.87","","-1.10%"
"2023-1-5","105.04","104.07","105.27","103.98","","0.76%"
"2023-1-4","104.25","104.58","104.60","103.83","","-0.26%"
"2023-1-3","104.52","103.66","104.86","103.47","","0.97%"
"2022-12-30","103.52","103.95","104.10","103.39","","-0.31%"
"2022-12-29","103.84","104.37","104.45","103.78","","-0.59%"
"2022-12-28","104.46","104.33","104.56","103.85","","0.27%"
"2022-12-27","104.18","104.12","104.40","103.89","","-0.12%"
"2022-12-23","104.31","104.39","104.54","104.12","","-0.11%"
"2022-12-22","104.43","104.22","104.60","103.75","","0.26%"
"2022-12-21","104.16","103.95","104.38","103.85","","0.18%"
"2022-12-20","103.97","104.73","104.79","103.78","","-0.72%"
"2022-12-19","104.72","104.84","104.93","104.13","","0.02%"
"2022-12-16","104.70","104.45","104.84","104.21","","0.13%"
"2022-12-15","104.56","103.67","104.88","103.54","","0.76%"
"2022-12-14","103.77","104.07","104.16","103.45","","-0.20%"
"2022-12-13","103.98","104.99","105.09","103.59","","-1.09%"
"2022-12-12","105.13","104.93","105.25","104.67","","0.31%"
"2022-12-9","104.81","104.86","105.14","104.48","","0.04%"
"2022-12-8","104.77","105.20","105.43","104.72","","-0.31%"
"2022-12-7","105.10","105.63","105.82","104.88","","-0.45%"
"2022-12-6","105.58","105.16","105.63","104.89","","0.28%"
"2022-12-5","105.29","104.51","105.40","104.11","","0.71%"
"2022-12-2","104.55","104.82","105.58","104.38","","-0.17%"
"2022-12-1","104.73","105.70","105.90","104.66","","-1.15%"
"2022-11-30","105.95","106.72","107.19","105.78","","-0.81%"
"2022-11-29","106.82","106.57","106.88","106.06","","0.13%"
"2022-11-28","106.68","106.06","106.75","105.32","","0.68%"
"2022-11-25","105.96","105.95","106.42","105.69","","0.13%"
"2022-11-24","105.82","105.99","106.08","105.63","","-0.25%"
"2022-11-23","106.08","107.08","107.22","106.03","","-1.06%"
"2022-11-22","107.22","107.70","107.75","107.12","","-0.57%"
"2022-11-21","107.83","106.97","107.99","106.89","","0.84%"
"2022-11-18","106.93","106.69","107.04","106.34","","0.22%"
"2022-11-17","106.69","106.27","107.24","106.10","","0.39%"
"2022-11-16","106.28","106.58","106.78","105.86","","-0.11%"
"2022-11-15","106.40","107.00","107.10","105.34","","-0.24%"
"2022-11-14","106.66","106.42","107.27","106.48","","0.35%"
"2022-11-11","106.29","108.23","108.44","106.28","","-1.77%"
"2022-11-10","108.21","110.30","110.99","107.71","","-2.12%"
"2022-11-9","110.55","109.65","110.64","109.45","","0.83%"
"2022-11-8","109.64","110.06","110.61","109.37","","-0.44%"
"2022-11-7","110.12","110.79","111.27","110.05","","-0.69%"
"2022-11-4","110.88","112.97","112.99","110.72","","-1.82%"
"2022-11-3","112.93","112.17","113.15","111.82","","1.43%"
"2022-11-2","111.34","111.53","112.15","110.43","","-0.13%"
"2022-11-1","111.48","111.52","111.78","110.72","","-0.04%"
"2022-10-31","111.53","110.67","111.67","110.72","","0.70%"
"2022-10-28","110.75","110.50","111.04","110.29","","0.14%"
"2022-10-27","110.59","109.62","110.62","109.53","","0.81%"
"2022-10-26","109.70","110.96","111.14","109.63","","-1.13%"
"2022-10-25","110.95","111.82","112.13","110.76","","-0.93%"
"2022-10-24","111.99","111.88","112.53","111.47","","-0.02%"
"2022-10-21","112.01","112.94","113.94","111.70","","-0.77%"
"2022-10-20","112.88","112.99","113.09","112.17","","-0.09%"
"2022-10-19","112.98","111.91","113.09","111.92","","0.76%"
"2022-10-18","112.13","112.07","112.45","111.77","","0.08%"
"2022-10-17","112.04","113.22","113.22","111.92","","-1.12%"
"2022-10-14","113.31","112.47","113.42","112.16","","0.85%"
"2022-10-13","112.36","113.24","113.92","112.15","","-0.85%"
"2022-10-12","113.32","113.31","113.59","113.05","","0.09%"
"2022-10-11","113.22","113.08","113.50","112.41","","0.07%"
"2022-10-10","113.14","112.75","113.33","112.62","","0.30%"
"2022-10-7","112.80","112.25","112.88","111.95","","0.48%"
"2022-10-6","112.26","111.02","112.31","110.78","","1.07%"
"2022-10-5","111.07","110.22","111.73","110.09","","0.92%"
"2022-10-4","110.06","111.59","111.89","110.06","","-1.51%"
"2022-10-3","111.75","112.17","112.54","111.47","","-0.33%"
"2022-9-30","112.12","111.75","112.67","111.58","","-0.12%"
"2022-9-29","112.25","113.01","113.79","111.77","","-0.31%"
"2022-9-28","112.60","114.19","114.78","112.56","","-1.32%"
"2022-9-27","114.11","114.02","114.47","113.33","","0.01%"
"2022-9-26","114.10","113.02","114.53","112.94","","0.80%"
"2022-9-23","113.19","111.24","113.23","111.08","","1.65%"
"2022-9-22","111.35","111.48","111.81","110.46","","0.64%"
"2022-9-21","110.64","110.16","111.58","110.13","","0.38%"
"2022-9-20","110.22","109.58","110.29","109.36","","0.44%"
"2022-9-19","109.74","109.64","110.17","109.49","","-0.02%"
"2022-9-16","109.76","109.80","110.26","109.47","","0.02%"
"2022-9-15","109.74","109.61","109.92","109.42","","0.07%"
"2022-9-14","109.66","109.97","109.93","109.28","","-0.14%"
"2022-9-13","109.81","108.23","110.01","107.68","","1.37%"
"2022-9-12","108.33","108.60","108.86","107.81","","-0.61%"
"2022-9-9","109.00","109.58","109.54","108.36","","-0.65%"
"2022-9-8","109.71","109.67","110.24","109.33","","-0.12%"
"2022-9-7","109.84","110.32","110.79","109.53","","-0.34%"
"2022-9-6","110.21","109.60","110.55","109.38","","0.35%"
"2022-9-5","109.83","109.61","110.27","109.72","","0.27%"
"2022-9-2","109.53","109.64","109.72","108.93","","-0.15%"
"2022-9-1","109.69","108.84","109.98","108.77","","0.91%"
"2022-8-31","108.70","108.75","109.20","108.38","","-0.06%"
"2022-8-30","108.77","108.70","109.11","108.29","","-0.06%"
"2022-8-29","108.83","108.84","109.48","108.49","","0.03%"
"2022-8-26","108.80","108.47","108.87","107.59","","0.30%"
"2022-8-25","108.47","108.62","108.69","107.99","","-0.19%"
"2022-8-24","108.68","108.52","109.11","108.36","","0.06%"
"2022-8-23","108.62","109.00","109.27","108.08","","-0.39%"
"2022-8-22","109.05","108.10","109.10","108.08","","0.81%"
"2022-8-19","108.17","107.50","108.22","107.47","","0.64%"
"2022-8-18","107.48","106.67","107.56","106.50","","0.85%"
"2022-8-17","106.57","106.45","106.89","106.31","","0.07%"
"2022-8-16","106.50","106.48","106.94","106.32","","-0.05%"
"2022-8-15","106.55","105.67","106.55","105.55","","0.87%"
"2022-8-12","105.63","105.16","105.88","105.09","","0.51%"
"2022-8-11","105.09","105.21","105.46","104.65","","-0.10%"
"2022-8-10","105.20","106.34","106.40","104.64","","-1.10%"
"2022-8-9","106.37","106.33","106.41","105.97","","-0.07%"
"2022-8-8","106.44","106.58","106.80","106.09","","-0.17%"
"2022-8-5","106.62","105.72","106.93","105.69","","0.88%"
"2022-8-4","105.69","106.48","106.51","105.67","","-0.77%"
"2022-8-3","106.51","106.43","106.82","105.97","","0.25%"
"2022-8-2","106.24","105.36","106.35","105.05","","0.75%"
"2022-8-1","105.45","105.83","106.03","105.24","","-0.42%"
"2022-7-29","105.90","106.21","106.66","105.54","","-0.42%"
"2022-7-28","106.35","106.37","106.97","106.06","","-0.09%"
"2022-7-27","106.45","107.13","107.43","106.26","","-0.69%"
"2022-7-26","107.19","106.45","107.28","106.20","","0.67%"
"2022-7-25","106.48","106.55","106.88","106.19","","-0.23%"
"2022-7-22","106.73","106.59","107.36","106.11","","-0.17%"
"2022-7-21","106.91","107.08","107.32","106.42","","-0.16%"
"2022-7-20","107.08","106.67","107.25","106.39","","0.37%"
"2022-7-19","106.68","107.49","107.63","106.40","","-0.64%"
"2022-7-18","107.37","107.98","108.04","106.89","","-0.64%"
"2022-7-15","108.06","108.67","108.71","107.91","","-0.44%"
"2022-7-14","108.54","108.14","109.29","108.14","","0.54%"
"2022-7-13","107.96","108.19","108.58","107.48","","-0.10%"
"2022-7-12","108.07","108.18","108.56","107.84","","0.05%"
"2022-7-11","108.02","106.89","108.27","106.92","","0.94%"
"2022-7-8","107.01","107.04","107.79","106.81","","-0.11%"
"2022-7-7","107.13","107.07","107.23","106.71","","0.03%"
"2022-7-6","107.10","106.49","107.26","106.36","","0.54%"
"2022-7-5","106.53","105.14","106.79","105.05","","1.32%"
"2022-7-4","105.14","105.12","105.25","104.81","","0.00%"
"2022-7-1","105.14","104.78","105.64","104.74","","0.43%"
"2022-6-30","104.69","105.06","105.54","104.64","","-0.40%"
"2022-6-29","105.11","104.46","105.15","104.36","","0.57%"
"2022-6-28","104.51","103.97","104.61","103.77","","0.55%"
"2022-6-27","103.94","104.12","104.21","103.67","","-0.24%"
"2022-6-24","104.19","104.38","104.51","103.95","","-0.23%"
"2022-6-23","104.43","104.21","104.77","104.06","","0.22%"
"2022-6-22","104.20","104.43","104.95","103.86","","-0.23%"
"2022-6-21","104.44","104.44","104.54","103.94","","-0.25%"
"2022-6-20","104.70","104.65","104.82","104.23","","0.00%"
"2022-6-17","104.70","103.88","105.08","103.83","","1.03%"
"2022-6-16","103.63","104.90","105.49","103.42","","-1.45%"
"2022-6-15","105.16","105.35","105.79","104.66","","-0.34%"
"2022-6-14","105.52","105.19","105.65","104.62","","0.42%"
"2022-6-13","105.08","104.19","105.28","104.21","","0.89%"
"2022-6-10","104.15","103.34","104.23","103.05","","0.90%"
"2022-6-9","103.22","102.56","103.37","102.15","","0.66%"
"2022-6-8","102.54","102.39","102.78","102.27","","0.22%"
"2022-6-7","102.32","102.49","102.84","102.26","","-0.12%"
"2022-6-6","102.44","102.17","102.47","101.85","","0.29%"
"2022-6-3","102.14","101.75","102.22","101.64","","0.31%"
"2022-6-2","101.82","102.55","102.62","101.74","","-0.66%"
"2022-6-1","102.50","101.76","102.73","101.74","","0.74%"
"2022-5-31","101.75","101.44","102.17","101.41","","0.08%"
"2022-5-30","101.67","101.64","101.72","101.30","","0.00%"
"2022-5-27","101.67","101.72","101.94","101.43","","-0.16%"
"2022-5-26","101.83","102.02","102.27","101.74","","-0.23%"
"2022-5-25","102.06","101.77","102.45","101.73","","0.20%"
"2022-5-24","101.86","102.11","102.32","101.65","","-0.22%"
"2022-5-23","102.08","103.03","103.05","102.04","","-1.04%"
"2022-5-20","103.15","102.90","103.26","102.77","","0.42%"
"2022-5-19","102.72","103.83","103.88","102.66","","-1.05%"
"2022-5-18","103.81","103.34","103.93","103.19","","0.44%"
"2022-5-17","103.36","104.17","104.23","103.23","","-0.80%"
"2022-5-16","104.19","104.47","104.64","104.14","","-0.35%"
"2022-5-13","104.56","104.77","105.00","104.47","","-0.28%"
"2022-5-12","104.85","104.01","104.92","103.88","","0.96%"
"2022-5-11","103.85","103.90","104.11","103.37","","-0.07%"
"2022-5-10","103.92","103.73","103.98","103.50","","0.26%"
"2022-5-9","103.65","103.66","104.19","103.39","","-0.01%"
"2022-5-6","103.66","103.56","104.06","103.19","","-0.09%"
"2022-5-5","103.75","102.68","103.94","102.35","","1.13%"
"2022-5-4","102.59","103.46","103.61","102.46","","-0.85%"
"2022-5-3","103.47","103.60","103.67","103.03","","-0.26%"
"2022-5-2","103.74","103.21","103.75","103.11","","0.76%"
"2022-4-29","102.96","103.67","103.67","102.82","","-0.64%"
"2022-4-28","103.62","103.04","103.93","102.98","","0.65%"
"2022-4-27","102.95","102.28","103.28","102.22","","0.64%"
"2022-4-26","102.30","101.73","102.36","101.51","","0.54%"
"2022-4-25","101.75","101.12","101.86","101.04","","0.52%"
"2022-4-22","101.22","100.62","101.33","100.47","","0.64%"
"2022-4-21","100.58","100.35","100.64","99.82","","0.19%"
"2022-4-20","100.39","100.98","101.03","100.22","","-0.56%"
"2022-4-19","100.96","100.83","101.03","100.70","","0.18%"
"2022-4-18","100.78","100.50","100.86","100.46","","0.46%"
"2022-4-15","100.32","100.42","100.57","100.32","","0.00%"
"2022-4-14","100.32","99.79","100.76","99.57","","0.44%"
"2022-4-13","99.88","100.34","100.52","99.83","","-0.41%"
"2022-4-12","100.29","100.03","100.33","99.74","","0.36%"
"2022-4-11","99.93","99.84","100.05","99.61","","0.13%"
"2022-4-8","99.80","99.82","100.19","99.74","","0.05%"
"2022-4-7","99.75","99.65","99.83","99.40","","0.15%"
"2022-4-6","99.60","99.47","99.77","99.31","","0.13%"
"2022-4-5","99.47","99.00","99.52","98.84","","0.47%"
"2022-4-4","99.00","98.57","99.08","98.52","","0.38%"
"2022-4-1","98.63","98.33","98.74","98.31","","0.33%"
"2022-3-31","98.31","97.83","98.40","97.69","","0.53%"
"2022-3-30","97.79","98.37","98.43","97.69","","-0.62%"
"2022-3-29","98.40","99.08","99.30","98.04","","-0.70%"
"2022-3-28","99.09","98.81","99.37","98.80","","0.30%"
"2022-3-25","98.79","98.75","98.83","98.40","","0.00%"
"2022-3-24","98.79","98.64","98.96","98.59","","0.17%"
"2022-3-23","98.62","98.47","98.88","98.39","","0.13%"
"2022-3-22","98.49","98.49","98.97","98.32","","-0.01%"
"2022-3-21","98.50","98.24","98.53","98.16","","0.27%"
"2022-3-18","98.23","98.00","98.62","97.84","","0.27%"
"2022-3-17","97.97","98.50","98.51","97.73","","-0.66%"
"2022-3-16","98.62","98.89","99.08","98.30","","-0.48%"
"2022-3-15","99.10","99.13","99.20","98.64","","0.10%"
"2022-3-14","99.00","99.13","99.29","98.68","","-0.12%"
"2022-3-11","99.12","98.36","99.16","98.27","","0.62%"
"2022-3-10","98.51","98.06","98.60","97.71","","0.55%"
"2022-3-9","97.97","99.12","99.12","97.85","","-1.10%"
"2022-3-8","99.06","99.24","99.32","98.71","","-0.23%"
"2022-3-7","99.29","98.51","99.42","98.51","","0.65%"
"2022-3-4","98.65","98.04","98.92","97.84","","0.89%"
"2022-3-3","97.78","97.47","97.95","97.43","","0.40%"
"2022-3-2","97.39","97.37","97.83","97.29","","-0.02%"
"2022-3-1","97.41","96.77","97.58","96.63","","0.72%"
"2022-2-28","96.71","96.54","97.42","96.54","","0.10%"
"2022-2-25","96.61","97.00","97.22","96.52","","-0.55%"
"2022-2-24","97.14","96.22","97.73","96.22","","0.99%"
"2022-2-23","96.19","96.04","96.24","95.85","","0.17%"
"2022-2-22","96.03","96.08","96.26","95.84","","-0.05%"
"2022-2-21","96.08","96.11","96.15","95.69","","0.04%"
"2022-2-18","96.04","95.83","96.17","95.73","","0.25%"
"2022-2-17","95.80","95.77","96.11","95.71","","0.10%"
"2022-2-16","95.70","96.01","96.06","95.68","","-0.30%"
"2022-2-15","95.99","96.24","96.29","95.96","","-0.39%"
"2022-2-14","96.37","96.03","96.44","95.91","","0.30%"
"2022-2-11","96.08","95.94","96.11","95.64","","0.55%"
"2022-2-10","95.55","95.57","96.00","95.17","","0.06%"
"2022-2-9","95.49","95.59","95.67","95.38","","-0.16%"
"2022-2-8","95.64","95.43","95.75","95.40","","0.25%"
"2022-2-7","95.40","95.48","95.63","95.35","","-0.08%"
"2022-2-4","95.48","95.31","95.70","95.14","","0.10%"
"2022-2-3","95.38","96.02","96.25","95.24","","-0.58%"
"2022-2-2","95.94","96.27","96.30","95.81","","-0.47%"
"2022-2-1","96.39","96.70","96.72","96.23","","-0.16%"
"2022-1-31","96.54","97.22","97.30","96.52","","-0.75%"
"2022-1-28","97.27","97.25","97.44","97.06","","0.02%"
"2022-1-27","97.25","96.55","97.29","96.53","","0.89%"
"2022-1-26","96.39","95.96","96.54","95.91","","0.46%"
"2022-1-25","95.95","95.93","96.27","95.90","","0.03%"
"2022-1-24","95.92","95.64","96.13","95.63","","0.29%"
"2022-1-21","95.64","95.81","95.84","95.50","","-0.09%"
"2022-1-20","95.73","95.59","95.86","95.42","","0.23%"
"2022-1-19","95.51","95.77","95.79","95.49","","-0.23%"
"2022-1-18","95.73","95.22","95.83","95.13","","0.49%"
"2022-1-17","95.26","95.17","95.35","95.04","","0.09%"
"2022-1-14","95.17","94.87","95.27","94.63","","0.40%"
"2022-1-13","94.79","94.99","95.02","94.66","","-0.14%"
"2022-1-12","94.92","95.58","95.69","94.91","","-0.73%"
"2022-1-11","95.62","95.93","96.07","95.58","","-0.39%"
"2022-1-10","95.99","95.74","96.23","95.74","","0.28%"
"2022-1-7","95.72","96.26","96.30","95.71","","-0.62%"
"2022-1-6","96.32","96.20","96.39","96.03","","0.16%"
"2022-1-5","96.17","96.31","96.33","95.89","","-0.09%"
"2022-1-4","96.26","96.19","96.46","96.03","","0.05%"
"2022-1-3","96.21","95.67","96.33","95.62","","0.25%"
"2021-12-31","95.97","95.99","96.11","95.57","","0.00%"
"2021-12-30","95.97","95.89","96.22","95.86","","0.04%"
"2021-12-29","95.93","96.15","96.39","95.76","","-0.28%"
"2021-12-28","96.20","96.06","96.28","96.00","","0.11%"
"2021-12-27","96.09","96.15","96.26","96.05","","0.07%"
"2021-12-23","96.02","96.03","96.28","95.99","","-0.06%"
"2021-12-22","96.08","96.47","96.60","96.02","","-0.42%"
"2021-12-21","96.49","96.54","96.64","96.34","","-0.06%"
"2021-12-20","96.55","96.67","96.69","96.33","","-0.01%"
"2021-12-17","96.56","96.00","96.69","95.88","","0.54%"
"2021-12-16","96.04","96.43","96.45","95.85","","-0.49%"
"2021-12-15","96.51","96.55","96.91","96.30","","-0.06%"
"2021-12-14","96.57","96.35","96.59","96.10","","0.26%"
"2021-12-13","96.32","96.05","96.44","96.05","","0.23%"
"2021-12-10","96.10","96.22","96.43","95.98","","-0.18%"
"2021-12-9","96.27","95.96","96.34","95.96","","0.40%"
"2021-12-8","95.89","96.26","96.38","95.85","","-0.50%"
"2021-12-7","96.37","96.30","96.59","96.17","","0.04%"
"2021-12-6","96.33","96.15","96.43","96.12","","0.22%"
"2021-12-3","96.12","96.12","96.45","95.97","","-0.04%"
"2021-12-2","96.16","96.07","96.17","95.83","","0.14%"
"2021-12-1","96.03","95.94","96.14","95.67","","0.04%"
"2021-11-30","95.99","96.22","96.64","95.52","","-0.36%"
"2021-11-29","96.34","96.07","96.44","96.07","","0.26%"
"2021-11-26","96.09","96.72","96.77","95.75","","-0.70%"
"2021-11-25","96.77","96.81","96.82","96.65","","-0.11%"
"2021-11-24","96.88","96.53","96.94","96.44","","0.40%"
"2021-11-23","96.49","96.46","96.61","96.31","","-0.06%"
"2021-11-22","96.55","96.07","96.55","96.04","","0.54%"
"2021-11-19","96.03","95.58","96.24","95.58","","0.51%"
"2021-11-18","95.54","95.80","95.84","95.52","","-0.30%"
"2021-11-17","95.83","95.94","96.24","95.73","","-0.09%"
"2021-11-16","95.92","95.47","95.98","95.40","","0.53%"
"2021-11-15","95.41","95.12","95.59","94.97","","0.29%"
"2021-11-12","95.13","95.18","95.27","95.00","","-0.05%"
"2021-11-11","95.18","94.84","95.20","94.84","","0.35%"
"2021-11-10","94.85","93.98","94.90","93.97","","0.96%"
"2021-11-9","93.95","94.09","94.15","93.88","","-0.11%"
"2021-11-8","94.05","94.25","94.38","93.99","","-0.29%"
"2021-11-5","94.32","94.34","94.62","94.19","","-0.03%"
"2021-11-4","94.35","93.86","94.47","93.83","","0.52%"
"2021-11-3","93.86","94.12","94.21","93.82","","-0.24%"
"2021-11-2","94.09","93.93","94.13","93.82","","0.22%"
"2021-11-1","93.88","94.13","94.31","93.86","","-0.25%"
"2021-10-29","94.12","93.36","94.30","93.32","","0.84%"
"2021-10-28","93.34","93.88","93.97","93.28","","-0.49%"
"2021-10-27","93.80","93.97","94.01","93.69","","-0.16%"
"2021-10-26","93.95","93.84","94.02","93.70","","0.15%"
"2021-10-25","93.81","93.66","93.96","93.48","","0.18%"
"2021-10-22","93.64","93.75","93.79","93.54","","-0.14%"
"2021-10-21","93.77","93.58","93.79","93.50","","0.22%"
"2021-10-20","93.56","93.81","93.88","93.54","","-0.18%"
"2021-10-19","93.73","93.95","93.95","93.50","","-0.23%"
"2021-10-18","93.95","93.95","94.17","93.87","","0.01%"
"2021-10-15","93.94","94.03","94.07","93.85","","-0.02%"
"2021-10-14","93.96","94.02","94.09","93.76","","-0.13%"
"2021-10-13","94.08","94.52","94.53","94.00","","-0.47%"
"2021-10-12","94.52","94.37","94.56","94.23","","0.21%"
"2021-10-11","94.32","94.10","94.40","94.03","","0.27%"
"2021-10-8","94.07","94.21","94.34","93.94","","-0.16%"
"2021-10-7","94.22","94.23","94.28","94.08","","-0.05%"
"2021-10-6","94.27","93.99","94.45","93.98","","0.32%"
"2021-10-5","93.97","93.83","94.06","93.81","","0.20%"
"2021-10-4","93.78","94.07","94.10","93.68","","-0.27%"
"2021-10-1","94.03","94.31","94.39","93.99","","-0.21%"
"2021-9-30","94.23","94.35","94.50","94.11","","-0.12%"
"2021-9-29","94.34","93.72","94.43","93.67","","0.61%"
"2021-9-28","93.77","93.41","93.81","93.36","","0.42%"
"2021-9-27","93.38","93.28","93.49","93.21","","0.05%"
"2021-9-24","93.33","93.07","93.42","93.05","","0.32%"
"2021-9-23","93.03","93.48","93.52","92.98","","-0.46%"
"2021-9-22","93.46","93.22","93.51","92.99","","0.28%"
"2021-9-21","93.20","93.24","93.28","93.05","","-0.09%"
"2021-9-20","93.28","93.25","93.45","93.19","","0.10%"
"2021-9-17","93.19","92.88","93.25","92.77","","0.28%"
"2021-9-16","92.93","92.46","92.96","92.46","","0.41%"
"2021-9-15","92.55","92.68","92.68","92.42","","-0.08%"
"2021-9-14","92.62","92.62","92.68","92.32","","-0.05%"
"2021-9-13","92.67","92.61","92.89","92.57","","0.10%"
"2021-9-10","92.58","92.53","92.65","92.33","","0.11%"
"2021-9-9","92.48","92.71","92.76","92.38","","-0.18%"
"2021-9-8","92.65","92.54","92.86","92.47","","0.15%"
"2021-9-7","92.51","92.20","92.57","92.10","","0.52%"
"2021-9-6","92.03","92.12","92.31","92.03","","0.00%"
"2021-9-3","92.03","92.22","92.26","91.95","","-0.21%"
"2021-9-2","92.22","92.51","92.53","92.21","","-0.25%"
"2021-9-1","92.45","92.66","92.79","92.38","","-0.19%"
"2021-8-31","92.63","92.70","92.75","92.40","","-0.02%"
"2021-8-30","92.65","92.68","92.79","92.60","","-0.04%"
"2021-8-27","92.69","93.03","93.18","92.63","","-0.40%"
"2021-8-26","93.06","92.83","93.08","92.81","","0.25%"
"2021-8-25","92.83","92.88","93.13","92.81","","-0.06%"
"2021-8-24","92.89","92.99","93.08","92.81","","-0.08%"
"2021-8-23","92.96","93.46","93.50","92.95","","-0.58%"
"2021-8-20","93.50","93.56","93.73","93.43","","-0.07%"
"2021-8-19","93.57","93.14","93.58","93.14","","0.46%"
"2021-8-18","93.14","93.14","93.26","92.96","","0.01%"
"2021-8-17","93.13","92.62","93.17","92.61","","0.54%"
"2021-8-16","92.63","92.52","92.66","92.48","","0.12%"
"2021-8-13","92.52","92.97","93.01","92.47","","-0.55%"
"2021-8-12","93.03","92.89","93.03","92.85","","0.12%"
"2021-8-11","92.92","93.07","93.19","92.80","","-0.15%"
"2021-8-10","93.06","92.98","93.14","92.94","","0.13%"
"2021-8-9","92.94","92.78","92.99","92.72","","0.15%"
"2021-8-6","92.80","92.27","92.84","92.26","","0.61%"
"2021-8-5","92.24","92.28","92.35","92.11","","-0.03%"
"2021-8-4","92.27","92.04","92.31","91.82","","0.21%"
"2021-8-3","92.08","92.06","92.16","91.89","","0.03%"
"2021-8-2","92.05","92.09","92.17","91.91","","-0.13%"
"2021-7-30","92.17","91.85","92.20","91.78","","0.34%"
"2021-7-29","91.86","92.27","92.29","91.86","","-0.50%"
"2021-7-28","92.32","92.46","92.75","92.23","","-0.12%"
"2021-7-27","92.43","92.63","92.84","92.32","","-0.24%"
"2021-7-26","92.65","92.91","92.96","92.53","","-0.28%"
"2021-7-23","92.91","92.81","93.02","92.78","","0.10%"
"2021-7-22","92.82","92.80","92.92","92.51","","0.08%"
"2021-7-21","92.75","92.97","93.19","92.73","","-0.24%"
"2021-7-20","92.97","92.88","93.17","92.80","","0.09%"
"2021-7-19","92.89","92.71","93.04","92.64","","0.22%"
"2021-7-16","92.69","92.59","92.76","92.53","","0.08%"
"2021-7-15","92.62","92.39","92.69","92.27","","0.23%"
"2021-7-14","92.41","92.80","92.83","92.35","","-0.37%"
"2021-7-13","92.75","92.23","92.81","92.14","","0.53%"
"2021-7-12","92.26","92.10","92.42","92.08","","0.14%"
"2021-7-9","92.13","92.36","92.54","92.09","","-0.31%"
"2021-7-8","92.42","92.70","92.79","92.24","","-0.24%"
"2021-7-7","92.64","92.53","92.84","92.42","","0.10%"
"2021-7-6","92.55","92.24","92.66","92.00","","0.37%"
"2021-7-5","92.21","92.24","92.36","92.14","","-0.02%"
"2021-7-2","92.23","92.57","92.74","92.18","","-0.40%"
"2021-7-1","92.60","92.35","92.60","92.26","","0.17%"
"2021-6-30","92.44","92.08","92.45","92.00","","0.42%"
"2021-6-29","92.05","91.88","92.19","91.86","","0.17%"
"2021-6-28","91.89","91.81","92.02","91.70","","0.04%"
"2021-6-25","91.85","91.83","91.88","91.53","","0.04%"
"2021-6-24","91.81","91.80","91.91","91.66","","0.01%"
"2021-6-23","91.80","91.73","91.90","91.51","","0.04%"
"2021-6-22","91.76","91.88","92.14","91.64","","-0.15%"
"2021-6-21","91.90","92.32","92.37","91.83","","-0.35%"
"2021-6-18","92.22","91.88","92.41","91.81","","0.36%"
"2021-6-17","91.89","91.42","92.01","91.31","","0.83%"
"2021-6-16","91.13","90.54","91.40","90.44","","0.65%"
"2021-6-15","90.54","90.48","90.67","90.35","","0.02%"
"2021-6-14","90.52","90.51","90.60","90.41","","-0.04%"
"2021-6-11","90.56","90.07","90.61","89.96","","0.53%"
"2021-6-10","90.08","90.14","90.31","89.98","","-0.04%"
"2021-6-9","90.12","90.13","90.17","89.84","","0.04%"
"2021-6-8","90.08","89.98","90.18","89.95","","0.14%"
"2021-6-7","89.95","90.13","90.30","89.91","","-0.21%"
"2021-6-4","90.14","90.47","90.63","90.03","","-0.41%"
"2021-6-3","90.51","89.93","90.55","89.89","","0.67%"
"2021-6-2","89.91","89.92","90.25","89.86","","0.09%"
"2021-6-1","89.83","89.81","89.94","89.66","","-0.22%"
"2021-5-31","90.03","90.06","90.12","89.82","","0.00%"
"2021-5-28","90.03","90.03","90.44","89.98","","0.07%"
"2021-5-27","89.97","90.08","90.18","89.89","","-0.08%"
"2021-5-26","90.04","89.69","90.11","89.59","","0.45%"
"2021-5-25","89.64","89.85","89.87","89.53","","-0.22%"
"2021-5-24","89.84","90.03","90.10","89.76","","-0.20%"
"2021-5-21","90.02","89.78","90.15","89.65","","0.23%"
"2021-5-20","89.81","90.21","90.23","89.75","","-0.42%"
"2021-5-19","90.19","89.78","90.29","89.69","","0.49%"
"2021-5-18","89.75","90.18","90.20","89.69","","-0.45%"
"2021-5-17","90.16","90.30","90.43","90.15","","-0.18%"
"2021-5-14","90.32","90.76","90.80","90.28","","-0.47%"
"2021-5-13","90.75","90.75","90.91","90.59","","0.04%"
"2021-5-12","90.71","90.19","90.80","90.16","","0.63%"
"2021-5-11","90.14","90.24","90.36","89.98","","-0.08%"
"2021-5-10","90.21","90.23","90.34","90.04","","-0.02%"
"2021-5-7","90.23","90.88","90.96","90.19","","-0.79%"
"2021-5-6","90.95","91.27","91.38","90.88","","-0.39%"
"2021-5-5","91.31","91.28","91.44","91.17","","0.02%"
"2021-5-4","91.29","91.00","91.40","90.99","","0.38%"
"2021-5-3","90.94","91.30","91.39","90.87","","-0.37%"
"2021-4-30","91.28","90.63","91.32","90.59","","0.74%"
"2021-4-29","90.61","90.55","90.79","90.42","","0.00%"
"2021-4-28","90.61","90.90","91.13","90.55","","-0.33%"
"2021-4-27","90.91","90.88","91.07","90.81","","0.11%"
"2021-4-26","90.81","90.83","90.99","90.68","","-0.06%"
"2021-4-23","90.86","91.29","91.30","90.81","","-0.51%"
"2021-4-22","91.33","91.11","91.42","91.00","","0.19%"
"2021-4-21","91.16","91.21","91.43","91.09","","-0.09%"
"2021-4-20","91.24","91.05","91.28","90.86","","0.19%"
"2021-4-19","91.07","91.54","91.75","91.03","","-0.54%"
"2021-4-16","91.56","91.66","91.81","91.49","","-0.14%"
"2021-4-15","91.69","91.63","91.75","91.49","","0.00%"
"2021-4-14","91.69","91.83","91.83","91.57","","-0.17%"
"2021-4-13","91.85","92.08","92.33","91.79","","-0.31%"
"2021-4-12","92.14","92.18","92.33","92.01","","-0.02%"
"2021-4-9","92.16","92.07","92.41","92.03","","0.11%"
"2021-4-8","92.06","92.42","92.48","92.00","","-0.42%"
"2021-4-7","92.45","92.32","92.50","92.14","","0.13%"
"2021-4-6","92.33","92.57","92.79","92.27","","-0.28%"
"2021-4-5","92.59","93.01","93.11","92.54","","-0.46%"
"2021-4-2","93.02","92.89","93.07","92.83","","0.10%"
"2021-4-1","92.93","93.22","93.34","92.88","","-0.32%"
"2021-3-31","93.23","93.24","93.44","92.99","","-0.08%"
"2021-3-30","93.30","92.91","93.35","92.88","","0.39%"
"2021-3-29","92.94","92.72","92.96","92.72","","0.18%"
"2021-3-26","92.77","92.81","92.87","92.64","","0.26%"
"2021-3-25","92.53","92.60","92.92","92.51","","0.00%"
"2021-3-24","92.53","92.39","92.61","92.34","","0.21%"
"2021-3-23","92.34","91.80","92.39","91.76","","0.65%"
"2021-3-22","91.74","92.07","92.15","91.71","","-0.20%"
"2021-3-19","91.92","91.83","92.17","91.66","","0.07%"
"2021-3-18","91.86","91.40","91.90","91.30","","0.46%"
"2021-3-17","91.44","91.86","92.00","91.37","","-0.46%"
"2021-3-16","91.86","91.83","92.03","91.68","","0.03%"
"2021-3-15","91.83","91.66","91.97","91.54","","0.16%"
"2021-3-12","91.68","91.43","91.96","91.40","","0.28%"
"2021-3-11","91.42","91.79","91.88","91.36","","-0.44%"
"2021-3-10","91.82","92.05","92.24","91.77","","-0.15%"
"2021-3-9","91.96","92.46","92.50","91.91","","-0.38%"
"2021-3-8","92.31","91.98","92.42","91.84","","0.36%"
"2021-3-5","91.98","91.66","92.19","91.62","","0.38%"
"2021-3-4","91.63","91.01","91.67","90.97","","0.75%"
"2021-3-3","90.95","90.79","91.06","90.63","","0.19%"
"2021-3-2","90.78","91.03","91.39","90.72","","-0.29%"
"2021-3-1","91.04","90.93","91.14","90.69","","0.18%"
"2021-2-26","90.88","90.36","90.97","90.13","","0.83%"
"2021-2-25","90.13","90.07","90.29","89.68","","-0.06%"
"2021-2-24","90.18","90.10","90.43","89.98","","0.01%"
"2021-2-23","90.17","90.02","90.26","89.94","","0.18%"
"2021-2-22","90.01","90.34","90.58","90.00","","-0.39%"
"2021-2-19","90.36","90.57","90.65","90.18","","-0.25%"
"2021-2-18","90.59","90.90","90.98","90.54","","-0.40%"
"2021-2-17","90.95","90.71","91.06","90.62","","0.49%"
"2021-2-16","90.51","90.29","90.65","90.12","","0.03%"
"2021-2-15","90.48","90.45","90.48","90.27","","0.00%"
"2021-2-12","90.48","90.41","90.74","90.38","","0.07%"
"2021-2-11","90.42","90.46","90.47","90.26","","0.06%"
"2021-2-10","90.37","90.49","90.53","90.25","","-0.08%"
"2021-2-9","90.44","90.91","90.93","90.43","","-0.54%"
"2021-2-8","90.93","91.00","91.23","90.90","","-0.12%"
"2021-2-5","91.04","91.49","91.60","90.98","","-0.54%"
"2021-2-4","91.53","91.09","91.58","91.08","","0.39%"
"2021-2-3","91.17","91.05","91.31","90.99","","-0.03%"
"2021-2-2","91.20","91.00","91.29","90.80","","0.24%"
"2021-2-1","90.98","90.53","91.06","90.50","","0.44%"
"2021-1-29","90.58","90.56","90.78","90.36","","0.14%"
"2021-1-28","90.45","90.73","90.86","90.41","","-0.22%"
"2021-1-27","90.65","90.15","90.88","90.15","","0.53%"
"2021-1-26","90.17","90.39","90.61","90.12","","-0.24%"
"2021-1-25","90.39","90.23","90.52","90.08","","0.17%"
"2021-1-22","90.24","90.05","90.31","90.05","","0.12%"
"2021-1-21","90.13","90.42","90.45","90.05","","-0.38%"
"2021-1-20","90.47","90.41","90.70","90.28","","-0.03%"
"2021-1-19","90.50","90.73","90.76","90.40","","-0.30%"
"2021-1-18","90.77","90.78","90.95","90.71","","0.00%"
"2021-1-15","90.77","90.22","90.80","90.22","","0.59%"
"2021-1-14","90.24","90.28","90.58","90.08","","-0.13%"
"2021-1-13","90.36","90.00","90.45","89.92","","0.30%"
"2021-1-12","90.09","90.52","90.62","90.03","","-0.42%"
"2021-1-11","90.47","90.07","90.73","90.03","","0.41%"
"2021-1-8","90.10","89.83","90.25","89.66","","0.30%"
"2021-1-7","89.83","89.32","89.97","89.32","","0.34%"
"2021-1-6","89.53","89.48","89.80","89.21","","0.10%"
"2021-1-5","89.44","89.90","89.90","89.43","","-0.48%"
"2021-1-4","89.87","89.93","89.94","89.42","","-0.08%"
"2021-1-1","89.94","89.93","89.94","89.93","","0.00%"
"2020-12-31","89.94","89.61","89.98","89.52","","0.29%"