"日期","收盘","开盘","高","低","涨跌幅"
"2025-12-31","4.153","4.130","4.171","4.104","0.61%"
"2025-12-30","4.128","4.108","4.143","4.104","0.29%"
"2025-12-29","4.116","4.130","4.141","4.104","-0.44%"
"2025-12-26","4.134","4.137","4.153","4.110","0.02%"
"2025-12-25","4.133","4.133","4.137","4.131","-0.02%"
"2025-12-24","4.134","4.159","4.173","4.132","-0.84%"
"2025-12-23","4.169","4.169","4.202","4.139","-0.05%"
"2025-12-22","4.171","4.153","4.174","4.153","0.48%"
"2025-12-19","4.151","4.126","4.157","4.124","0.85%"
"2025-12-18","4.116","4.147","4.147","4.108","-0.84%"
"2025-12-17","4.151","4.151","4.182","4.143","0.05%"
"2025-12-16","4.149","4.170","4.198","4.141","-0.79%"
"2025-12-15","4.182","4.182","4.188","4.149","-0.33%"
"2025-12-12","4.196","4.147","4.200","4.147","1.33%"
"2025-12-11","4.141","4.137","4.161","4.100","-0.55%"
"2025-12-10","4.164","4.186","4.209","4.137","-0.53%"
"2025-12-9","4.186","4.166","4.192","4.141","0.34%"
"2025-12-8","4.172","4.143","4.192","4.129","0.80%"
"2025-12-5","4.139","4.100","4.145","4.088","0.75%"
"2025-12-4","4.108","4.073","4.114","4.073","1.23%"
"2025-12-3","4.058","4.088","4.090","4.050","-0.73%"
"2025-12-2","4.088","4.088","4.116","4.081","-0.20%"
"2025-12-1","4.096","4.034","4.098","4.027","1.92%"
"2025-11-28","4.019","4.008","4.036","3.961","0.35%"
"2025-11-27","4.005","3.998","4.015","3.991","0.18%"
"2025-11-26","3.998","4.004","4.044","3.990","-0.10%"
"2025-11-25","4.002","4.031","4.046","3.988","-0.84%"
"2025-11-24","4.036","4.059","4.069","4.027","-0.66%"
"2025-11-21","4.063","4.092","4.102","4.036","-1.00%"
"2025-11-20","4.104","4.146","4.168","4.084","-0.65%"
"2025-11-19","4.131","4.117","4.141","4.098","0.24%"
"2025-11-18","4.121","4.146","4.148","4.084","-0.29%"
"2025-11-17","4.133","4.154","4.158","4.115","-0.36%"
"2025-11-14","4.148","4.123","4.152","4.065","0.90%"
"2025-11-13","4.111","4.081","4.125","4.071","1.08%"
"2025-11-12","4.067","4.069","4.095","4.056","-0.05%"
"2025-11-11","4.069","4.118","4.123","4.065","-1.00%"
"2025-11-10","4.110","4.130","4.147","4.096","0.42%"
"2025-11-7","4.093","4.089","4.112","4.066","0.00%"
"2025-11-6","4.093","4.155","4.157","4.077","-1.54%"
"2025-11-5","4.157","4.087","4.163","4.054","1.61%"
"2025-11-4","4.091","4.109","4.114","4.079","-0.39%"
"2025-11-3","4.107","4.101","4.122","4.081","0.15%"
"2025-10-31","4.101","4.099","4.116","4.076","0.20%"
"2025-10-30","4.093","4.074","4.116","4.058","0.86%"
"2025-10-29","4.058","3.981","4.082","3.974","1.88%"
"2025-10-28","3.983","3.985","4.004","3.970","-0.35%"
"2025-10-27","3.997","4.024","4.043","3.981","0.00%"
"2025-10-24","3.997","4.007","4.020","3.964","0.20%"
"2025-10-23","3.989","3.949","4.007","3.945","0.91%"
"2025-10-22","3.953","3.963","3.978","3.936","-0.25%"
"2025-10-21","3.963","3.982","3.991","3.947","-0.63%"
"2025-10-20","3.988","4.013","4.026","3.982","-0.52%"
"2025-10-17","4.009","3.957","4.018","3.936","0.83%"
"2025-10-16","3.976","4.032","4.051","3.967","-1.71%"
"2025-10-15","4.045","4.032","4.047","3.999","0.57%"
"2025-10-14","4.022","4.051","4.069","3.998","-0.81%"
"2025-10-13","4.055","4.078","4.085","4.050","-0.52%"
"2025-10-12","4.076","4.059","4.081","4.064","0.62%"
"2025-10-10","4.051","4.136","4.140","4.032","-2.34%"
"2025-10-9","4.148","4.115","4.152","4.108","0.41%"
"2025-10-8","4.131","4.133","4.136","4.096","0.10%"
"2025-10-7","4.127","4.160","4.177","4.113","-0.84%"
"2025-10-6","4.162","4.146","4.168","4.133","1.04%"
"2025-10-3","4.119","4.088","4.125","4.079","0.71%"
"2025-10-2","4.090","4.100","4.127","4.083","-0.39%"
"2025-10-1","4.106","4.160","4.168","4.087","-1.06%"
"2025-9-30","4.150","4.143","4.160","4.106","0.22%"
"2025-9-29","4.141","4.168","4.170","4.135","-1.10%"
"2025-9-26","4.187","4.170","4.197","4.152","0.31%"
"2025-9-25","4.174","4.145","4.201","4.135","0.65%"
"2025-9-24","4.147","4.104","4.152","4.098","0.70%"
"2025-9-23","4.118","4.143","4.149","4.104","-0.65%"
"2025-9-22","4.145","4.139","4.152","4.122","0.14%"
"2025-9-19","4.139","4.110","4.145","4.106","0.85%"
"2025-9-18","4.104","4.081","4.137","4.043","0.69%"
"2025-9-17","4.076","4.032","4.091","3.990","1.24%"
"2025-9-16","4.026","4.037","4.064","4.022","-0.20%"
"2025-9-15","4.034","4.080","4.089","4.030","-0.64%"
"2025-9-12","4.060","4.030","4.083","4.026","1.22%"
"2025-9-11","4.011","4.053","4.070","3.994","-0.52%"
"2025-9-10","4.032","4.086","4.095","4.024","-1.03%"
"2025-9-9","4.074","4.045","4.091","4.040","0.69%"
"2025-9-8","4.046","4.095","4.103","4.038","-0.98%"
"2025-9-5","4.086","4.157","4.168","4.061","-2.16%"
"2025-9-4","4.176","4.211","4.225","4.157","-0.83%"
"2025-9-3","4.211","4.269","4.300","4.201","-1.54%"
"2025-9-2","4.277","4.256","4.306","4.244","0.56%"
"2025-9-1","4.253","4.252","4.280","4.232","0.38%"
"2025-8-31","4.237","4.228","4.237","4.228","0.26%"
"2025-8-29","4.226","4.209","4.242","4.207","0.45%"
"2025-8-28","4.207","4.234","4.250","4.203","-0.73%"
"2025-8-27","4.238","4.269","4.291","4.232","-0.42%"
"2025-8-26","4.256","4.273","4.312","4.252","-0.44%"
"2025-8-25","4.275","4.265","4.294","4.263","0.40%"
"2025-8-22","4.258","4.328","4.339","4.242","-1.71%"
"2025-8-21","4.332","4.297","4.347","4.289","0.84%"
"2025-8-20","4.296","4.312","4.326","4.275","-0.14%"
"2025-8-19","4.302","4.335","4.347","4.298","-0.85%"
"2025-8-18","4.339","4.320","4.353","4.289","0.25%"
"2025-8-15","4.328","4.289","4.332","4.269","0.82%"
"2025-8-14","4.293","4.238","4.297","4.204","1.25%"
"2025-8-13","4.240","4.297","4.302","4.225","-1.23%"
"2025-8-12","4.293","4.287","4.318","4.246","0.47%"
"2025-8-11","4.273","4.275","4.287","4.256","-0.23%"
"2025-8-8","4.283","4.246","4.289","4.242","0.92%"
"2025-8-7","4.244","4.238","4.254","4.219","0.62%"
"2025-8-6","4.218","4.216","4.283","4.212","0.52%"
"2025-8-5","4.196","4.188","4.226","4.187","-0.05%"
"2025-8-4","4.198","4.208","4.257","4.192","-0.52%"
"2025-8-1","4.220","4.376","4.414","4.202","-3.21%"
"2025-7-31","4.360","4.368","4.382","4.326","-0.41%"
"2025-7-30","4.378","4.328","4.382","4.314","1.16%"
"2025-7-29","4.328","4.408","4.422","4.320","-2.08%"
"2025-7-28","4.420","4.402","4.420","4.368","0.78%"
"2025-7-25","4.386","4.392","4.430","4.382","-0.50%"
"2025-7-24","4.408","4.384","4.442","4.382","0.46%"
"2025-7-23","4.388","4.360","4.398","4.354","1.20%"
"2025-7-22","4.336","4.380","4.398","4.328","-0.78%"
"2025-7-21","4.370","4.427","4.427","4.352","-1.38%"
"2025-7-18","4.431","4.443","4.451","4.416","-0.72%"
"2025-7-17","4.463","4.467","4.495","4.429","0.18%"
"2025-7-16","4.455","4.493","4.495","4.437","-0.76%"
"2025-7-15","4.489","4.429","4.493","4.396","1.40%"
"2025-7-14","4.427","4.417","4.447","4.403","0.09%"
"2025-7-11","4.423","4.358","4.427","4.340","1.77%"
"2025-7-10","4.346","4.336","4.376","4.322","0.09%"
"2025-7-9","4.342","4.401","4.423","4.334","-1.70%"
"2025-7-8","4.417","4.385","4.435","4.377","0.79%"
"2025-7-7","4.382","4.326","4.399","4.322","1.26%"
"2025-7-4","4.328","4.324","4.340","4.304","-0.41%"
"2025-7-3","4.346","4.271","4.364","4.249","1.49%"
"2025-7-2","4.282","4.242","4.308","4.240","0.97%"
"2025-7-1","4.241","4.234","4.279","4.187","0.23%"
"2025-6-30","4.231","4.281","4.291","4.222","-1.01%"
"2025-6-27","4.274","4.246","4.293","4.240","0.69%"
"2025-6-26","4.245","4.281","4.293","4.240","-1.05%"
"2025-6-25","4.290","4.293","4.338","4.277","-0.11%"
"2025-6-24","4.294","4.352","4.371","4.285","-1.06%"
"2025-6-23","4.341","4.375","4.407","4.291","-0.81%"
"2025-6-20","4.376","4.381","4.443","4.361","-0.20%"
"2025-6-19","4.385","4.375","4.400","4.374","-0.11%"
"2025-6-18","4.390","4.397","4.413","4.344","0.09%"
"2025-6-17","4.386","4.438","4.446","4.381","-1.40%"
"2025-6-16","4.448","4.418","4.462","4.403","0.97%"
"2025-6-13","4.406","4.320","4.448","4.310","0.95%"
"2025-6-12","4.364","4.414","4.420","4.344","-1.25%"
"2025-6-11","4.419","4.472","4.506","4.406","-1.20%"
"2025-6-10","4.473","4.480","4.490","4.438","-0.04%"
"2025-6-9","4.475","4.510","4.518","4.470","-0.66%"
"2025-6-6","4.505","4.394","4.514","4.375","2.64%"
"2025-6-5","4.389","4.359","4.402","4.318","0.74%"
"2025-6-4","4.356","4.446","4.468","4.349","-2.26%"
"2025-6-3","4.457","4.446","4.474","4.406","0.36%"
"2025-6-2","4.441","4.418","4.470","4.410","0.99%"
"2025-5-30","4.397","4.426","4.442","4.387","-0.62%"
"2025-5-29","4.425","4.509","4.539","4.416","-1.10%"
"2025-5-28","4.474","4.444","4.501","4.438","0.67%"
"2025-5-27","4.445","4.507","4.509","4.428","-1.47%"
"2025-5-26","4.511","4.546","4.563","4.506","-1.05%"
"2025-5-25","4.559","4.517","4.563","4.515","1.15%"
"2025-5-23","4.507","4.535","4.543","4.448","-0.46%"
"2025-5-22","4.528","4.609","4.629","4.527","-1.48%"
"2025-5-21","4.595","4.481","4.607","4.473","2.51%"
"2025-5-20","4.483","4.449","4.525","4.428","0.80%"
"2025-5-19","4.447","4.479","4.564","4.445","0.09%"
"2025-5-16","4.443","4.443","4.499","4.388","0.29%"
"2025-5-15","4.431","4.544","4.550","4.430","-2.44%"
"2025-5-14","4.541","4.475","4.546","4.447","1.60%"
"2025-5-13","4.470","4.465","4.504","4.425","-0.04%"
"2025-5-12","4.472","4.408","4.479","4.400","2.07%"
"2025-5-9","4.381","4.378","4.398","4.343","0.05%"
"2025-5-8","4.379","4.279","4.398","4.269","2.60%"
"2025-5-7","4.268","4.328","4.335","4.260","-0.68%"
"2025-5-6","4.298","4.365","4.378","4.297","-1.17%"
"2025-5-5","4.348","4.322","4.371","4.289","0.95%"
"2025-5-2","4.307","4.208","4.332","4.196","2.20%"
"2025-5-1","4.215","4.183","4.241","4.124","1.15%"
"2025-4-30","4.167","4.160","4.229","4.135","-0.09%"
"2025-4-29","4.171","4.214","4.247","4.164","-0.83%"
"2025-4-28","4.205","4.243","4.297","4.202","-1.14%"
"2025-4-25","4.254","4.321","4.330","4.237","-1.40%"
"2025-4-24","4.314","4.375","4.375","4.303","-1.60%"
"2025-4-23","4.384","4.372","4.399","4.259","-0.36%"
"2025-4-22","4.400","4.405","4.438","4.372","-0.36%"
"2025-4-21","4.416","4.339","4.420","4.331","1.93%"
"2025-4-17","4.332","4.288","4.344","4.278","1.22%"
"2025-4-16","4.280","4.335","4.352","4.263","-1.36%"
"2025-4-15","4.339","4.374","4.407","4.306","-1.00%"
"2025-4-14","4.383","4.482","4.490","4.360","-2.51%"
"2025-4-11","4.495","4.464","4.592","4.384","1.62%"
"2025-4-10","4.424","4.312","4.431","4.260","2.29%"
"2025-4-9","4.325","4.310","4.515","4.299","0.83%"
"2025-4-8","4.289","4.187","4.297","4.126","2.10%"
"2025-4-7","4.201","3.886","4.226","3.873","5.04%"
"2025-4-4","3.999","4.044","4.049","3.860","-0.92%"
"2025-4-3","4.036","4.044","4.100","4.004","-2.16%"
"2025-4-2","4.125","4.199","4.236","4.110","-0.85%"
"2025-4-1","4.160","4.211","4.217","4.133","-1.18%"
"2025-3-31","4.210","4.217","4.259","4.184","-0.97%"
"2025-3-28","4.251","4.361","4.361","4.247","-2.50%"
"2025-3-27","4.360","4.338","4.400","4.338","0.18%"
"2025-3-26","4.353","4.327","4.361","4.315","0.85%"
"2025-3-25","4.316","4.335","4.369","4.298","-0.49%"
"2025-3-24","4.338","4.271","4.340","4.267","2.08%"
"2025-3-21","4.249","4.235","4.256","4.200","0.22%"
"2025-3-20","4.240","4.237","4.250","4.174","-0.14%"
"2025-3-19","4.246","4.293","4.323","4.241","-0.87%"
"2025-3-18","4.283","4.299","4.339","4.266","-0.34%"
"2025-3-17","4.298","4.289","4.331","4.258","-0.47%"
"2025-3-14","4.318","4.280","4.324","4.274","1.14%"
"2025-3-13","4.269","4.318","4.353","4.259","-1.07%"
"2025-3-12","4.315","4.282","4.332","4.251","0.80%"
"2025-3-11","4.281","4.202","4.295","4.152","1.49%"
"2025-3-10","4.218","4.263","4.297","4.198","-2.00%"
"2025-3-7","4.304","4.280","4.328","4.209","0.58%"
"2025-3-6","4.279","4.294","4.344","4.267","0.00%"
"2025-3-5","4.279","4.239","4.294","4.185","0.90%"
"2025-3-4","4.241","4.142","4.252","4.106","2.01%"
"2025-3-3","4.158","4.244","4.263","4.146","-1.04%"
"2025-2-28","4.202","4.264","4.277","4.193","-1.48%"
"2025-2-27","4.265","4.270","4.313","4.262","0.24%"
"2025-2-26","4.254","4.293","4.339","4.245","-1.00%"
"2025-2-25","4.297","4.396","4.398","4.283","-2.32%"
"2025-2-24","4.399","4.441","4.457","4.389","-0.70%"
"2025-2-21","4.430","4.507","4.511","4.406","-1.68%"
"2025-2-20","4.506","4.535","4.535","4.492","-0.60%"
"2025-2-19","4.534","4.554","4.576","4.529","-0.39%"
"2025-2-18","4.551","4.492","4.560","4.488","1.66%"
"2025-2-14","4.477","4.539","4.546","4.447","-1.20%"
"2025-2-13","4.532","4.619","4.621","4.515","-2.01%"
"2025-2-12","4.625","4.541","4.660","4.527","1.95%"
"2025-2-11","4.536","4.513","4.547","4.507","0.81%"
"2025-2-10","4.500","4.489","4.509","4.458","0.14%"
"2025-2-7","4.494","4.432","4.515","4.428","1.32%"
"2025-2-6","4.435","4.424","4.460","4.412","0.27%"
"2025-2-5","4.423","4.525","4.529","4.400","-1.96%"
"2025-2-4","4.512","4.563","4.598","4.509","-0.87%"
"2025-2-3","4.551","4.563","4.567","4.462","0.20%"
"2025-1-31","4.542","4.524","4.583","4.500","0.50%"
"2025-1-30","4.519","4.538","4.544","4.486","-0.31%"
"2025-1-29","4.533","4.532","4.593","4.510","0.00%"
"2025-1-28","4.533","4.544","4.579","4.532","0.00%"
"2025-1-27","4.533","4.599","4.601","4.498","-1.80%"
"2025-1-24","4.616","4.641","4.662","4.605","-0.61%"
"2025-1-23","4.645","4.609","4.664","4.595","0.71%"
"2025-1-22","4.612","4.582","4.617","4.556","0.87%"
"2025-1-21","4.572","4.558","4.591","4.530","-1.07%"
"2025-1-17","4.622","4.621","4.629","4.566","0.23%"
"2025-1-16","4.611","4.653","4.694","4.588","-0.92%"
"2025-1-15","4.654","4.788","4.790","4.637","-2.89%"
"2025-1-14","4.792","4.763","4.809","4.749","0.07%"
"2025-1-13","4.789","4.799","4.805","4.759","0.56%"
"2025-1-10","4.762","4.673","4.790","4.673","1.58%"
"2025-1-9","4.688","4.689","4.691","4.642","-0.08%"
"2025-1-8","4.692","4.689","4.730","4.663","0.18%"
"2025-1-7","4.684","4.632","4.699","4.606","1.32%"
"2025-1-6","4.623","4.618","4.644","4.575","0.49%"
"2025-1-3","4.601","4.545","4.604","4.535","0.87%"
"2025-1-2","4.561","4.571","4.599","4.517","-0.24%"
"2024-12-31","4.572","4.515","4.589","4.507","0.89%"
"2024-12-30","4.532","4.629","4.631","4.533","-2.11%"
"2024-12-27","4.629","4.585","4.631","4.573","1.00%"
"2024-12-26","4.584","4.597","4.641","4.573","-0.13%"
"2024-12-24","4.590","4.584","4.629","4.581","0.05%"
"2024-12-23","4.588","4.526","4.599","4.518","1.29%"
"2024-12-20","4.529","4.556","4.566","4.484","-0.79%"
"2024-12-19","4.565","4.514","4.594","4.502","1.04%"
"2024-12-18","4.518","4.391","4.524","4.381","2.83%"
"2024-12-17","4.394","4.395","4.442","4.373","-0.18%"
"2024-12-16","4.402","4.387","4.412","4.361","0.18%"
"2024-12-13","4.394","4.328","4.407","4.312","1.36%"
"2024-12-12","4.335","4.265","4.339","4.265","1.42%"
"2024-12-11","4.274","4.224","4.277","4.201","1.10%"
"2024-12-10","4.227","4.195","4.246","4.184","0.65%"
"2024-12-9","4.200","4.151","4.203","4.135","1.26%"
"2024-12-6","4.148","4.182","4.222","4.126","-0.69%"
"2024-12-5","4.177","4.194","4.225","4.174","-0.14%"
"2024-12-4","4.183","4.232","4.281","4.174","-1.01%"
"2024-12-3","4.226","4.195","4.240","4.165","0.74%"
"2024-12-2","4.195","4.207","4.248","4.174","0.42%"
"2024-11-29","4.177","4.254","4.256","4.172","-1.93%"
"2024-11-27","4.260","4.308","4.310","4.227","-0.79%"
"2024-11-26","4.294","4.287","4.324","4.273","0.46%"
"2024-11-25","4.274","4.343","4.369","4.261","-3.10%"
"2024-11-22","4.411","4.420","4.430","4.383","-0.18%"
"2024-11-21","4.419","4.410","4.439","4.377","0.13%"
"2024-11-20","4.413","4.404","4.438","4.388","0.40%"
"2024-11-19","4.395","4.412","4.418","4.337","-0.40%"
"2024-11-18","4.413","4.439","4.491","4.408","-0.71%"
"2024-11-15","4.444","4.449","4.505","4.400","-0.02%"
"2024-11-14","4.445","4.455","4.483","4.386","-0.11%"
"2024-11-13","4.450","4.435","4.463","4.357","0.49%"
"2024-11-12","4.429","4.324","4.443","4.314","2.86%"
"2024-11-8","4.305","4.337","4.353","4.264","-0.45%"
"2024-11-7","4.325","4.425","4.455","4.310","-2.39%"
"2024-11-6","4.431","4.258","4.479","4.258","3.52%"
"2024-11-5","4.280","4.289","4.366","4.273","-0.14%"
"2024-11-4","4.286","4.299","4.329","4.263","-2.26%"
"2024-11-1","4.385","4.292","4.388","4.222","2.41%"
"2024-10-31","4.281","4.294","4.333","4.260","-0.42%"
"2024-10-30","4.299","4.252","4.304","4.198","0.59%"
"2024-10-29","4.274","4.268","4.339","4.254","-0.09%"
"2024-10-28","4.278","4.266","4.300","4.230","1.09%"
"2024-10-25","4.232","4.204","4.250","4.174","0.71%"
"2024-10-24","4.202","4.248","4.248","4.182","-0.94%"
"2024-10-23","4.242","4.212","4.260","4.210","0.86%"
"2024-10-22","4.206","4.194","4.222","4.164","0.57%"
"2024-10-21","4.182","4.097","4.198","4.077","2.63%"
"2024-10-18","4.075","4.093","4.118","4.065","-0.51%"
"2024-10-17","4.096","4.022","4.100","4.018","1.99%"
"2024-10-16","4.016","4.037","4.043","3.995","-0.54%"
"2024-10-15","4.038","4.100","4.104","4.026","-0.86%"
"2024-10-11","4.073","4.069","4.118","4.059","-0.51%"
"2024-10-10","4.094","4.073","4.120","4.051","0.66%"
"2024-10-9","4.067","4.018","4.078","4.006","0.79%"
"2024-10-8","4.035","4.020","4.057","3.996","0.22%"
"2024-10-7","4.026","3.981","4.033","3.967","1.13%"
"2024-10-4","3.981","3.844","3.985","3.834","3.52%"
"2024-10-3","3.846","3.789","3.855","3.785","1.67%"
"2024-10-2","3.783","3.733","3.817","3.724","1.37%"
"2024-10-1","3.731","3.779","3.790","3.696","-1.46%"
"2024-9-30","3.787","3.753","3.806","3.749","0.96%"
"2024-9-27","3.751","3.792","3.809","3.741","-1.20%"
"2024-9-26","3.796","3.783","3.821","3.754","0.15%"
"2024-9-25","3.791","3.732","3.793","3.726","1.58%"
"2024-9-24","3.732","3.745","3.810","3.726","-0.51%"
"2024-9-23","3.751","3.757","3.794","3.730","0.25%"
"2024-9-20","3.741","3.713","3.764","3.700","0.61%"
"2024-9-19","3.719","3.715","3.768","3.691","0.15%"
"2024-9-18","3.713","3.642","3.721","3.634","1.80%"
"2024-9-17","3.648","3.618","3.655","3.599","0.83%"
"2024-9-16","3.618","3.646","3.662","3.618","-1.08%"
"2024-9-13","3.657","3.650","3.678","3.623","-0.61%"
"2024-9-12","3.680","3.659","3.706","3.638","0.51%"
"2024-9-11","3.661","3.637","3.689","3.605","0.56%"
"2024-9-10","3.640","3.704","3.725","3.637","-1.67%"
"2024-9-9","3.702","3.734","3.763","3.691","-0.36%"
"2024-9-6","3.716","3.734","3.770","3.648","-0.26%"
"2024-9-5","3.725","3.755","3.774","3.721","-0.85%"
"2024-9-4","3.757","3.837","3.842","3.753","-1.93%"
"2024-9-3","3.831","3.928","3.932","3.825","-2.42%"
"2024-9-2","3.926","3.909","3.941","3.905","0.49%"
"2024-9-1","3.907","3.914","3.917","3.905","-0.06%"
"2024-8-30","3.909","3.867","3.932","3.852","1.19%"
"2024-8-29","3.863","3.835","3.888","3.816","0.64%"
"2024-8-28","3.839","3.818","3.848","3.805","0.25%"
"2024-8-27","3.829","3.810","3.867","3.806","0.25%"
"2024-8-26","3.820","3.789","3.822","3.774","0.65%"
"2024-8-23","3.795","3.845","3.860","3.791","-1.62%"
"2024-8-22","3.858","3.803","3.877","3.788","1.55%"
"2024-8-21","3.799","3.799","3.833","3.761","-0.30%"
"2024-8-20","3.810","3.871","3.886","3.809","-1.66%"
"2024-8-19","3.875","3.907","3.907","3.852","-0.20%"
"2024-8-16","3.883","3.924","3.924","3.864","-0.92%"
"2024-8-15","3.919","3.839","3.953","3.828","2.08%"
"2024-8-14","3.839","3.846","3.886","3.811","-0.19%"
"2024-8-13","3.846","3.902","3.924","3.845","-1.56%"
"2024-8-12","3.907","3.942","3.967","3.896","-0.82%"
"2024-8-9","3.940","3.988","3.990","3.921","-1.25%"
"2024-8-8","3.990","3.924","4.022","3.894","0.94%"
"2024-8-7","3.953","3.884","3.977","3.875","1.31%"
"2024-8-6","3.901","3.835","3.909","3.805","3.24%"
"2024-8-5","3.779","3.789","3.832","3.667","-0.35%"
"2024-8-2","3.792","3.970","3.974","3.787","-4.76%"
"2024-8-1","3.982","4.056","4.066","3.965","-1.28%"
"2024-7-31","4.033","4.151","4.155","4.031","-2.61%"
"2024-7-30","4.141","4.178","4.188","4.130","-0.74%"
"2024-7-29","4.172","4.196","4.196","4.151","-0.51%"
"2024-7-26","4.194","4.243","4.264","4.190","-1.19%"
"2024-7-25","4.245","4.278","4.278","4.196","-0.96%"
"2024-7-24","4.286","4.254","4.292","4.210","0.73%"
"2024-7-23","4.254","4.253","4.256","4.221","0.00%"
"2024-7-22","4.254","4.218","4.278","4.204","0.28%"
"2024-7-19","4.243","4.194","4.249","4.185","0.97%"
"2024-7-18","4.202","4.161","4.206","4.156","1.02%"
"2024-7-17","4.160","4.161","4.196","4.144","0.00%"
"2024-7-16","4.160","4.222","4.222","4.156","-1.70%"
"2024-7-15","4.231","4.243","4.249","4.198","1.07%"
"2024-7-12","4.187","4.212","4.241","4.177","-0.60%"
"2024-7-11","4.212","4.288","4.315","4.168","-1.64%"
"2024-7-10","4.282","4.296","4.312","4.267","-0.36%"
"2024-7-9","4.298","4.282","4.329","4.274","0.41%"
"2024-7-8","4.280","4.290","4.317","4.265","0.04%"
"2024-7-5","4.278","4.374","4.404","4.269","-2.15%"
"2024-7-4","4.372","4.364","4.376","4.353","0.41%"
"2024-7-3","4.355","4.426","4.445","4.339","-1.87%"
"2024-7-2","4.438","4.457","4.465","4.414","-0.75%"
"2024-7-1","4.471","4.412","4.493","4.386","1.80%"
"2024-6-28","4.392","4.288","4.404","4.261","2.47%"
"2024-6-27","4.286","4.333","4.347","4.275","-0.99%"
"2024-6-26","4.329","4.244","4.331","4.242","1.93%"
"2024-6-25","4.248","4.238","4.259","4.209","0.32%"
"2024-6-24","4.234","4.257","4.277","4.226","-0.55%"
"2024-6-21","4.257","4.265","4.279","4.217","-0.09%"
"2024-6-20","4.261","4.234","4.294","4.228","0.59%"
"2024-6-19","4.236","4.225","4.241","4.223","0.41%"
"2024-6-18","4.219","4.275","4.300","4.207","-1.54%"
"2024-6-17","4.285","4.244","4.294","4.231","1.51%"
"2024-6-14","4.221","4.252","4.273","4.188","-0.64%"
"2024-6-13","4.248","4.304","4.328","4.223","-1.62%"
"2024-6-12","4.318","4.410","4.428","4.250","-1.91%"
"2024-6-11","4.402","4.463","4.465","4.394","-1.54%"
"2024-6-10","4.471","4.453","4.479","4.441","0.85%"
"2024-6-7","4.433","4.293","4.436","4.289","3.42%"
"2024-6-6","4.287","4.289","4.322","4.275","0.22%"
"2024-6-5","4.277","4.330","4.359","4.275","-1.21%"
"2024-6-4","4.330","4.396","4.414","4.314","-1.42%"
"2024-6-3","4.392","4.493","4.501","4.390","-2.45%"
"2024-5-31","4.503","4.544","4.572","4.485","-1.04%"
"2024-5-30","4.550","4.620","4.628","4.542","-1.42%"
"2024-5-29","4.616","4.548","4.638","4.542","1.49%"
"2024-5-28","4.548","4.459","4.554","4.445","1.95%"
"2024-5-27","4.461","4.451","4.473","4.446","-0.13%"
"2024-5-24","4.467","4.477","4.502","4.463","-0.26%"
"2024-5-23","4.479","4.426","4.498","4.408","1.20%"
"2024-5-22","4.426","4.414","4.461","4.410","0.31%"
"2024-5-21","4.412","4.445","4.451","4.398","-0.79%"
"2024-5-20","4.447","4.414","4.455","4.406","0.57%"
"2024-5-17","4.422","4.369","4.426","4.363","1.03%"
"2024-5-16","4.377","4.336","4.385","4.313","0.76%"
"2024-5-15","4.344","4.449","4.449","4.340","-2.28%"
"2024-5-14","4.445","4.489","4.534","4.441","-1.00%"
"2024-5-13","4.490","4.490","4.496","4.459","-0.22%"
"2024-5-10","4.500","4.465","4.508","4.441","0.93%"
"2024-5-9","4.459","4.490","4.520","4.447","-0.91%"
"2024-5-8","4.500","4.457","4.500","4.451","0.87%"
"2024-5-7","4.461","4.496","4.496","4.420","-0.59%"
"2024-5-6","4.487","4.483","4.514","4.469","-0.22%"
"2024-5-3","4.497","4.583","4.596","4.453","-2.00%"
"2024-5-2","4.589","4.630","4.651","4.567","-1.11%"
"2024-5-1","4.641","4.682","4.694","4.581","-0.88%"
"2024-4-30","4.682","4.611","4.692","4.603","1.53%"
"2024-4-29","4.611","4.655","4.659","4.607","-1.10%"
"2024-4-26","4.663","4.714","4.716","4.640","-0.87%"
"2024-4-25","4.704","4.646","4.739","4.619","1.21%"
"2024-4-24","4.648","4.600","4.671","4.600","0.90%"
"2024-4-23","4.607","4.613","4.654","4.568","-0.08%"
"2024-4-22","4.610","4.631","4.668","4.609","-0.27%"
"2024-4-19","4.623","4.627","4.635","4.496","-0.30%"
"2024-4-18","4.637","4.587","4.653","4.561","1.03%"
"2024-4-17","4.589","4.674","4.684","4.575","-1.72%"
"2024-4-16","4.669","4.614","4.696","4.591","1.30%"
"2024-4-15","4.610","4.534","4.663","4.520","2.04%"
"2024-4-12","4.517","4.582","4.584","4.483","-1.46%"
"2024-4-11","4.584","4.548","4.593","4.513","0.86%"
"2024-4-10","4.546","4.366","4.568","4.342","4.22%"
"2024-4-9","4.362","4.426","4.432","4.354","-1.36%"
"2024-4-8","4.422","4.414","4.464","4.406","0.50%"
"2024-4-5","4.400","4.309","4.406","4.305","2.14%"
"2024-4-4","4.307","4.343","4.381","4.299","-1.01%"
"2024-4-3","4.351","4.357","4.429","4.343","-0.04%"
"2024-4-2","4.353","4.305","4.405","4.303","0.83%"
"2024-4-1","4.317","4.190","4.337","4.188","2.54%"
"2024-3-29","4.210","4.210","4.210","4.210","0.09%"
"2024-3-28","4.206","4.206","4.238","4.183","0.42%"
"2024-3-27","4.188","4.238","4.241","4.182","-1.16%"
"2024-3-26","4.238","4.243","4.273","4.222","-0.28%"
"2024-3-25","4.249","4.198","4.261","4.190","1.13%"
"2024-3-22","4.202","4.265","4.269","4.198","-1.57%"
"2024-3-21","4.269","4.273","4.293","4.218","-0.18%"
"2024-3-20","4.277","4.285","4.324","4.233","-0.37%"
"2024-3-19","4.293","4.328","4.336","4.287","-0.82%"
"2024-3-18","4.328","4.308","4.348","4.291","0.46%"
"2024-3-15","4.308","4.296","4.322","4.269","0.38%"
"2024-3-14","4.292","4.190","4.300","4.186","2.49%"
"2024-3-13","4.188","4.147","4.198","4.131","0.90%"
"2024-3-12","4.151","4.094","4.172","4.081","1.28%"
"2024-3-11","4.098","4.083","4.116","4.052","0.52%"
"2024-3-8","4.077","4.090","4.131","4.038","-0.28%"
"2024-3-7","4.089","4.104","4.127","4.054","-0.47%"
"2024-3-6","4.108","4.155","4.170","4.079","-1.03%"
"2024-3-5","4.151","4.223","4.223","4.112","-1.57%"
"2024-3-4","4.217","4.193","4.235","4.189","0.75%"
"2024-3-1","4.186","4.254","4.296","4.178","-1.61%"
"2024-2-29","4.254","4.266","4.319","4.225","-0.27%"
"2024-2-28","4.266","4.305","4.309","4.264","-0.87%"
"2024-2-27","4.303","4.283","4.321","4.258","0.51%"
"2024-2-26","4.281","4.258","4.309","4.217","0.79%"
"2024-2-23","4.248","4.343","4.351","4.246","-1.91%"
"2024-2-22","4.331","4.323","4.354","4.295","0.28%"
"2024-2-21","4.319","4.283","4.331","4.250","1.02%"
"2024-2-20","4.275","4.317","4.319","4.244","-0.96%"
"2024-2-19","4.317","4.296","4.328","4.282","0.48%"
"2024-2-18","4.296","4.287","4.301","4.287","0.35%"
"2024-2-16","4.281","4.238","4.330","4.236","1.11%"
"2024-2-15","4.234","4.255","4.257","4.187","-0.64%"
"2024-2-14","4.261","4.328","4.332","4.246","-1.50%"
"2024-2-13","4.326","4.179","4.328","4.150","3.51%"
"2024-2-12","4.179","4.183","4.197","4.146","0.05%"
"2024-2-9","4.177","4.154","4.195","4.125","0.47%"
"2024-2-8","4.158","4.106","4.173","4.088","1.04%"
"2024-2-7","4.115","4.102","4.135","4.065","0.61%"
"2024-2-6","4.090","4.146","4.171","4.079","-1.71%"
"2024-2-5","4.162","4.054","4.177","4.049","3.43%"
"2024-2-2","4.024","3.876","4.054","3.873","3.65%"
"2024-2-1","3.882","3.931","3.958","3.816","-0.92%"
"2024-1-31","3.918","4.040","4.043","3.912","-2.92%"
"2024-1-30","4.036","4.078","4.103","4.034","-0.99%"
"2024-1-29","4.076","4.139","4.145","4.059","-1.53%"
"2024-1-26","4.139","4.113","4.166","4.093","0.46%"
"2024-1-25","4.120","4.184","4.195","4.120","-1.43%"
"2024-1-24","4.180","4.134","4.188","4.086","1.16%"
"2024-1-23","4.132","4.101","4.155","4.088","0.60%"
"2024-1-22","4.107","4.136","4.140","4.075","-0.56%"
"2024-1-19","4.130","4.152","4.198","4.123","-0.28%"
"2024-1-18","4.142","4.104","4.154","4.071","0.88%"
"2024-1-17","4.106","4.062","4.129","4.037","1.27%"
"2024-1-16","4.054","3.986","4.083","3.977","1.71%"
"2024-1-15","3.986","3.966","4.002","3.949","0.45%"
"2024-1-14","3.968","3.956","3.968","3.956","0.74%"
"2024-1-12","3.939","3.962","4.007","3.916","-0.91%"
"2024-1-11","3.975","4.028","4.068","3.968","-1.36%"
"2024-1-10","4.030","4.006","4.043","3.979","0.37%"
"2024-1-9","4.015","4.023","4.053","3.996","-0.29%"
"2024-1-8","4.027","4.061","4.068","3.966","-0.61%"
"2024-1-5","4.051","4.003","4.103","3.953","1.22%"
"2024-1-4","4.003","3.914","4.006","3.901","2.11%"
"2024-1-3","3.920","3.950","4.010","3.894","-0.53%"
"2024-1-2","3.941","3.899","4.023","3.881","1.09%"
"2024-1-1","3.898","3.879","3.898","3.866","0.83%"
"2023-12-29","3.866","3.844","3.898","3.832","0.52%"
"2023-12-28","3.846","3.800","3.861","3.796","1.51%"
"2023-12-27","3.789","3.900","3.904","3.783","-2.77%"
"2023-12-26","3.897","3.901","3.910","3.876","-0.15%"
"2023-12-25","3.902","3.905","3.906","3.902","0.05%"
"2023-12-22","3.901","3.888","3.921","3.849","0.23%"
"2023-12-21","3.892","3.864","3.905","3.829","1.01%"
"2023-12-20","3.853","3.924","3.924","3.847","-1.99%"
"2023-12-19","3.931","3.930","3.952","3.894","-0.10%"
"2023-12-18","3.935","3.931","3.971","3.890","0.52%"
"2023-12-15","3.915","3.930","3.973","3.894","-0.15%"
"2023-12-14","3.921","4.016","4.024","3.885","-2.56%"
"2023-12-13","4.024","4.202","4.210","4.007","-4.42%"
"2023-12-12","4.210","4.239","4.251","4.153","-0.63%"
"2023-12-11","4.237","4.241","4.295","4.229","0.18%"
"2023-12-8","4.229","4.153","4.278","4.147","1.97%"
"2023-12-7","4.148","4.110","4.186","4.104","0.83%"
"2023-12-6","4.114","4.173","4.205","4.104","-1.28%"
"2023-12-5","4.167","4.255","4.265","4.163","-2.16%"
"2023-12-4","4.259","4.220","4.299","4.220","1.18%"
"2023-12-1","4.209","4.321","4.349","4.198","-2.80%"
"2023-11-30","4.330","4.267","4.369","4.247","1.67%"
"2023-11-29","4.259","4.319","4.328","4.253","-1.51%"
"2023-11-28","4.325","4.402","4.422","4.321","-1.50%"
"2023-11-27","4.390","4.492","4.514","4.381","-1.83%"
"2023-11-24","4.472","4.451","4.494","4.443","0.44%"
"2023-11-23","4.453","4.405","4.464","4.391","1.02%"
"2023-11-22","4.408","4.394","4.447","4.363","0.22%"
"2023-11-21","4.398","4.414","4.443","4.383","-0.62%"
"2023-11-20","4.426","4.461","4.488","4.410","-0.31%"
"2023-11-17","4.439","4.439","4.469","4.379","-0.05%"
"2023-11-16","4.441","4.523","4.527","4.432","-2.11%"
"2023-11-15","4.537","4.445","4.559","4.426","1.89%"
"2023-11-14","4.453","4.644","4.656","4.432","-3.98%"
"2023-11-13","4.638","4.654","4.696","4.624","-0.17%"
"2023-11-10","4.646","4.640","4.654","4.567","0.30%"
"2023-11-9","4.632","4.484","4.654","4.473","3.11%"
"2023-11-8","4.492","4.579","4.614","4.488","-1.67%"
"2023-11-7","4.569","4.639","4.662","4.544","-1.69%"
"2023-11-6","4.647","4.589","4.668","4.576","1.54%"
"2023-11-3","4.576","4.662","4.678","4.484","-1.82%"
"2023-11-2","4.661","4.717","4.749","4.626","-1.54%"
"2023-11-1","4.734","4.926","4.935","4.734","-3.90%"
"2023-10-31","4.926","4.892","4.933","4.803","0.79%"
"2023-10-30","4.888","4.877","4.922","4.835","0.88%"
"2023-10-27","4.845","4.853","4.892","4.830","-0.07%"
"2023-10-26","4.849","4.949","4.989","4.838","-2.27%"
"2023-10-25","4.961","4.823","4.966","4.806","2.96%"
"2023-10-24","4.819","4.859","4.889","4.800","-0.61%"
"2023-10-23","4.848","4.958","5.021","4.829","-1.34%"
"2023-10-20","4.914","4.988","4.995","4.892","-1.53%"
"2023-10-19","4.990","4.938","4.996","4.894","1.61%"
"2023-10-18","4.911","4.838","4.928","4.811","1.54%"
"2023-10-17","4.836","4.714","4.862","4.704","2.90%"
"2023-10-16","4.700","4.648","4.725","4.643","1.80%"
"2023-10-13","4.616","4.695","4.697","4.586","-1.71%"
"2023-10-12","4.697","4.558","4.728","4.530","3.04%"
"2023-10-11","4.558","4.655","4.655","4.544","-2.12%"
"2023-10-10","4.657","4.628","4.715","4.618","0.63%"
"2023-10-9","4.628","4.725","4.759","4.622","-2.05%"
"2023-10-8","4.725","4.750","4.755","4.670","-1.45%"
"2023-10-6","4.795","4.725","4.887","4.713","1.57%"
"2023-10-5","4.721","4.733","4.777","4.702","-0.30%"
"2023-10-4","4.735","4.802","4.884","4.720","-1.26%"
"2023-10-3","4.795","4.679","4.810","4.664","2.37%"
"2023-10-2","4.685","4.614","4.703","4.602","2.30%"
"2023-9-29","4.579","4.579","4.602","4.508","0.00%"
"2023-9-28","4.579","4.605","4.688","4.571","-0.62%"
"2023-9-27","4.608","4.530","4.642","4.491","1.27%"
"2023-9-26","4.550","4.546","4.566","4.483","0.41%"
"2023-9-25","4.531","4.442","4.548","4.442","2.11%"
"2023-9-22","4.438","4.492","4.508","4.424","-1.25%"
"2023-9-21","4.494","4.409","4.498","4.409","2.16%"
"2023-9-20","4.399","4.365","4.411","4.313","0.78%"
"2023-9-19","4.365","4.306","4.371","4.301","1.44%"
"2023-9-18","4.303","4.306","4.311","4.301","-0.78%"
"2023-9-15","4.336","4.288","4.338","4.272","1.17%"
"2023-9-14","4.286","4.245","4.298","4.221","0.75%"
"2023-9-13","4.254","4.286","4.352","4.235","-0.60%"
"2023-9-12","4.280","4.298","4.300","4.264","-0.32%"
"2023-9-11","4.294","4.286","4.304","4.272","0.80%"
"2023-9-8","4.260","4.250","4.268","4.210","0.24%"
"2023-9-7","4.250","4.292","4.308","4.248","-1.06%"
"2023-9-6","4.296","4.254","4.306","4.238","0.70%"
"2023-9-5","4.266","4.208","4.274","4.204","1.41%"
"2023-9-4","4.206","4.187","4.213","4.186","0.46%"
"2023-9-3","4.187","4.191","4.196","4.186","0.15%"
"2023-9-1","4.181","4.114","4.200","4.060","1.82%"
"2023-8-31","4.106","4.114","4.124","4.077","-0.14%"
"2023-8-30","4.112","4.137","4.159","4.087","-0.19%"
"2023-8-29","4.120","4.194","4.243","4.106","-2.05%"
"2023-8-28","4.206","4.253","4.257","4.194","-0.60%"
"2023-8-25","4.231","4.231","4.285","4.204","-0.23%"
"2023-8-24","4.241","4.194","4.243","4.174","1.08%"
"2023-8-23","4.196","4.318","4.320","4.184","-3.14%"
"2023-8-22","4.332","4.354","4.366","4.306","-0.23%"
"2023-8-21","4.342","4.260","4.354","4.255","2.15%"
"2023-8-18","4.251","4.270","4.280","4.215","-0.78%"
"2023-8-17","4.284","4.252","4.328","4.252","0.60%"
"2023-8-16","4.258","4.211","4.280","4.170","0.94%"
"2023-8-15","4.219","4.199","4.274","4.166","0.42%"
"2023-8-14","4.201","4.172","4.215","4.146","1.03%"
"2023-8-11","4.158","4.123","4.178","4.080","1.23%"
"2023-8-10","4.107","4.009","4.113","3.957","2.27%"
"2023-8-9","4.016","4.012","4.044","3.988","-0.30%"
"2023-8-8","4.028","4.089","4.089","3.984","-1.67%"
"2023-8-7","4.097","4.050","4.123","4.046","1.36%"
"2023-8-4","4.042","4.179","4.206","4.038","-3.29%"
"2023-8-3","4.179","4.086","4.198","4.082","2.19%"
"2023-8-2","4.090","4.013","4.126","4.009","1.30%"
"2023-8-1","4.037","3.965","4.057","3.949","1.77%"
"2023-7-31","3.967","3.963","4.003","3.927","0.26%"
"2023-7-28","3.957","4.014","4.043","3.939","-1.14%"
"2023-7-27","4.002","3.877","4.024","3.839","3.34%"
"2023-7-26","3.873","3.898","3.904","3.847","-0.45%"
"2023-7-25","3.890","3.876","3.922","3.857","0.31%"
"2023-7-24","3.878","3.847","3.878","3.792","1.08%"
"2023-7-21","3.837","3.850","3.861","3.809","-0.50%"
"2023-7-20","3.856","3.754","3.874","3.746","2.88%"
"2023-7-19","3.748","3.789","3.797","3.727","-1.08%"
"2023-7-18","3.789","3.805","3.809","3.734","-0.51%"
"2023-7-17","3.809","3.815","3.836","3.772","-0.56%"
"2023-7-14","3.830","3.777","3.836","3.760","1.67%"
"2023-7-13","3.767","3.859","3.865","3.757","-2.43%"
"2023-7-12","3.861","3.962","3.970","3.844","-2.93%"
"2023-7-11","3.978","4.000","4.008","3.950","-0.55%"
"2023-7-10","4.000","4.062","4.092","3.986","-1.62%"
"2023-7-7","4.066","4.031","4.094","4.006","0.86%"
"2023-7-6","4.031","3.938","4.083","3.930","2.48%"
"2023-7-5","3.934","3.841","3.947","3.831","2.47%"
"2023-7-4","3.839","3.854","3.878","3.839","-0.51%"
"2023-7-3","3.858","3.845","3.868","3.778","0.46%"
"2023-6-30","3.841","3.838","3.892","3.803","-0.04%"
"2023-6-29","3.842","3.714","3.868","3.712","3.46%"
"2023-6-28","3.714","3.762","3.770","3.704","-1.54%"
"2023-6-27","3.772","3.719","3.776","3.692","1.31%"
"2023-6-26","3.723","3.721","3.737","3.679","-0.36%"
"2023-6-23","3.737","3.787","3.799","3.692","-1.58%"
"2023-6-22","3.797","3.727","3.810","3.711","1.88%"
"2023-6-21","3.727","3.732","3.791","3.711","0.21%"
"2023-6-20","3.719","3.824","3.826","3.701","-2.69%"
"2023-6-19","3.822","3.760","3.826","3.750","1.45%"
"2023-6-16","3.767","3.718","3.806","3.717","1.26%"
"2023-6-15","3.720","3.790","3.845","3.707","-1.84%"
"2023-6-14","3.790","3.821","3.851","3.771","-0.96%"
"2023-6-13","3.827","3.740","3.845","3.682","2.23%"
"2023-6-12","3.743","3.745","3.794","3.711","0.00%"
"2023-6-9","3.743","3.724","3.780","3.716","0.68%"
"2023-6-8","3.718","3.789","3.821","3.708","-1.99%"
"2023-6-7","3.793","3.668","3.801","3.656","3.15%"
"2023-6-6","3.677","3.685","3.735","3.654","-0.31%"
"2023-6-5","3.689","3.706","3.762","3.658","-0.26%"
"2023-6-2","3.698","3.606","3.700","3.599","2.71%"
"2023-6-1","3.601","3.639","3.689","3.570","-1.25%"
"2023-5-31","3.646","3.694","3.694","3.614","-1.29%"
"2023-5-30","3.694","3.765","3.769","3.681","-1.85%"
"2023-5-29","3.764","3.821","3.827","3.757","-1.44%"
"2023-5-28","3.819","3.817","3.845","3.809","0.24%"
"2023-5-26","3.810","3.817","3.859","3.777","-0.35%"
"2023-5-25","3.823","3.740","3.827","3.730","2.12%"
"2023-5-24","3.744","3.701","3.748","3.667","1.25%"
"2023-5-23","3.698","3.717","3.761","3.688","-0.57%"
"2023-5-22","3.719","3.669","3.728","3.642","0.99%"
"2023-5-19","3.682","3.649","3.720","3.619","0.84%"
"2023-5-18","3.651","3.562","3.659","3.547","2.23%"
"2023-5-17","3.572","3.547","3.589","3.515","0.85%"
"2023-5-16","3.541","3.507","3.573","3.457","0.97%"
"2023-5-15","3.507","3.464","3.511","3.457","1.30%"
"2023-5-12","3.463","3.382","3.470","3.369","2.26%"
"2023-5-11","3.386","3.436","3.444","3.345","-1.53%"
"2023-5-10","3.439","3.519","3.528","3.431","-2.37%"
"2023-5-9","3.522","3.515","3.532","3.479","0.43%"
"2023-5-8","3.507","3.448","3.520","3.422","2.10%"
"2023-5-5","3.435","3.386","3.465","3.379","1.73%"
"2023-5-4","3.377","3.403","3.411","3.296","0.39%"
"2023-5-3","3.364","3.431","3.441","3.341","-2.03%"
"2023-5-2","3.433","3.566","3.570","3.424","-3.83%"
"2023-5-1","3.570","3.450","3.608","3.448","3.98%"
"2023-4-28","3.433","3.522","3.551","3.422","-2.69%"
"2023-4-27","3.528","3.443","3.538","3.433","2.42%"
"2023-4-26","3.445","3.418","3.458","3.375","1.33%"
"2023-4-25","3.400","3.481","3.492","3.379","-2.75%"
"2023-4-24","3.496","3.572","3.572","3.492","-2.02%"
"2023-4-21","3.568","3.534","3.579","3.501","0.92%"
"2023-4-20","3.536","3.591","3.602","3.526","-1.54%"
"2023-4-19","3.591","3.589","3.639","3.578","0.37%"
"2023-4-18","3.578","3.600","3.608","3.549","-0.79%"
"2023-4-17","3.606","3.530","3.608","3.507","2.60%"
"2023-4-14","3.515","3.447","3.537","3.422","1.91%"
"2023-4-13","3.449","3.389","3.460","3.372","1.44%"
"2023-4-12","3.400","3.428","3.462","3.340","-0.93%"
"2023-4-11","3.432","3.419","3.456","3.381","0.49%"
"2023-4-10","3.415","3.372","3.436","3.350","0.05%"
"2023-4-7","3.413","3.305","3.415","3.298","3.33%"
"2023-4-6","3.303","3.307","3.313","3.253","-0.17%"
"2023-4-5","3.309","3.348","3.372","3.266","-0.89%"
"2023-4-4","3.339","3.417","3.485","3.335","-2.24%"
"2023-4-3","3.415","3.524","3.545","3.400","-1.68%"
"2023-3-31","3.473","3.553","3.585","3.470","-2.08%"
"2023-3-30","3.547","3.570","3.596","3.534","-0.53%"
"2023-3-29","3.566","3.573","3.611","3.534","-0.16%"
"2023-3-28","3.572","3.530","3.577","3.498","0.91%"
"2023-3-27","3.539","3.400","3.545","3.367","4.95%"
"2023-3-24","3.372","3.417","3.425","3.285","-1.20%"
"2023-3-23","3.414","3.451","3.520","3.374","-1.08%"
"2023-3-22","3.451","3.606","3.644","3.430","-4.34%"
"2023-3-21","3.608","3.496","3.613","3.440","3.58%"
"2023-3-20","3.483","3.468","3.519","3.291","1.31%"
"2023-3-17","3.438","3.568","3.598","3.382","-3.94%"
"2023-3-16","3.579","3.451","3.586","3.369","3.37%"
"2023-3-15","3.462","3.697","3.710","3.388","-6.05%"
"2023-3-14","3.685","3.562","3.697","3.464","3.96%"
"2023-3-13","3.545","3.750","3.762","3.418","-4.31%"
"2023-3-10","3.704","3.901","3.901","3.674","-5.19%"
"2023-3-9","3.907","3.980","4.019","3.894","-2.06%"
"2023-3-8","3.989","3.981","4.011","3.899","0.50%"
"2023-3-7","3.970","3.967","4.007","3.919","0.15%"
"2023-3-6","3.964","3.965","3.989","3.897","0.15%"
"2023-3-3","3.958","4.068","4.069","3.954","-2.56%"
"2023-3-2","4.062","3.994","4.091","3.990","1.68%"
"2023-3-1","3.994","3.938","4.010","3.914","1.70%"
"2023-2-28","3.928","3.924","3.983","3.899","0.15%"
"2023-2-27","3.922","3.934","3.978","3.897","-0.64%"
"2023-2-24","3.947","3.885","3.978","3.854","1.46%"
"2023-2-23","3.890","3.921","3.978","3.863","-0.94%"
"2023-2-22","3.927","3.957","3.968","3.890","-0.69%"
"2023-2-21","3.954","3.851","3.962","3.840","2.68%"
"2023-2-20","3.851","3.849","3.851","3.849","0.91%"
"2023-2-17","3.817","3.863","3.929","3.813","-1.19%"
"2023-2-16","3.863","3.818","3.872","3.769","1.58%"
"2023-2-15","3.803","3.745","3.822","3.726","1.33%"
"2023-2-14","3.753","3.711","3.799","3.622","1.34%"
"2023-2-13","3.704","3.743","3.755","3.702","-1.07%"
"2023-2-10","3.743","3.675","3.751","3.658","2.18%"
"2023-2-9","3.664","3.601","3.690","3.575","1.33%"
"2023-2-8","3.615","3.672","3.692","3.614","-1.73%"
"2023-2-7","3.679","3.644","3.690","3.597","0.98%"
"2023-2-6","3.644","3.562","3.655","3.536","3.54%"
"2023-2-3","3.519","3.391","3.556","3.365","3.45%"
"2023-2-2","3.402","3.422","3.426","3.333","-0.43%"
"2023-2-1","3.417","3.516","3.520","3.387","-2.67%"
"2023-1-31","3.510","3.546","3.553","3.487","-0.89%"
"2023-1-30","3.542","3.511","3.574","3.494","1.00%"
"2023-1-27","3.507","3.506","3.565","3.502","0.04%"
"2023-1-26","3.506","3.442","3.520","3.436","1.59%"
"2023-1-25","3.451","3.449","3.489","3.420","-0.11%"
"2023-1-24","3.455","3.513","3.556","3.453","-1.88%"
"2023-1-23","3.521","3.486","3.549","3.464","1.11%"
"2023-1-20","3.482","3.399","3.501","3.390","2.46%"
"2023-1-19","3.399","3.379","3.428","3.321","0.75%"
"2023-1-18","3.373","3.546","3.562","3.368","-4.96%"
"2023-1-17","3.549","3.527","3.585","3.496","0.57%"
"2023-1-16","3.529","3.524","3.529","3.524","0.89%"
"2023-1-13","3.498","3.447","3.514","3.418","1.58%"
"2023-1-12","3.444","3.552","3.591","3.424","-2.80%"
"2023-1-11","3.543","3.608","3.613","3.528","-2.00%"
"2023-1-10","3.615","3.534","3.639","3.521","2.51%"
"2023-1-9","3.527","3.578","3.610","3.508","-0.94%"
"2023-1-6","3.560","3.727","3.755","3.551","-4.35%"
"2023-1-5","3.722","3.698","3.784","3.683","0.86%"
"2023-1-4","3.690","3.758","3.763","3.664","-1.65%"
"2023-1-3","3.752","3.848","3.848","3.724","-3.26%"
"2023-1-2","3.879","3.879","3.879","3.879","0.00%"
"2022-12-30","3.879","3.826","3.905","3.820","1.53%"
"2022-12-29","3.820","3.873","3.886","3.816","-1.71%"
"2022-12-28","3.886","3.847","3.892","3.805","0.98%"
"2022-12-27","3.849","3.745","3.862","3.727","2.81%"
"2022-12-26","3.743","3.745","3.745","3.743","-0.20%"
"2022-12-23","3.751","3.682","3.753","3.676","1.76%"
"2022-12-22","3.686","3.666","3.692","3.628","0.35%"
"2022-12-21","3.673","3.705","3.722","3.621","-0.51%"
"2022-12-20","3.692","3.596","3.711","3.583","2.83%"
"2022-12-19","3.590","3.510","3.601","3.497","2.94%"
"2022-12-16","3.488","3.464","3.557","3.459","1.09%"
"2022-12-15","3.450","3.497","3.523","3.428","-0.84%"
"2022-12-14","3.479","3.499","3.561","3.461","-0.63%"
"2022-12-13","3.501","3.608","3.630","3.421","-3.20%"
"2022-12-12","3.617","3.586","3.632","3.520","0.87%"
"2022-12-9","3.586","3.489","3.595","3.452","2.76%"
"2022-12-8","3.489","3.435","3.506","3.435","2.01%"
"2022-12-7","3.421","3.542","3.559","3.402","-3.14%"
"2022-12-6","3.531","3.586","3.606","3.508","-1.43%"
"2022-12-5","3.583","3.519","3.612","3.502","2.61%"
"2022-12-2","3.492","3.514","3.638","3.474","-0.53%"
"2022-12-1","3.510","3.620","3.640","3.505","-2.79%"
"2022-11-30","3.611","3.748","3.798","3.600","-3.70%"
"2022-11-29","3.750","3.692","3.763","3.648","1.91%"
"2022-11-28","3.679","3.692","3.720","3.620","-0.30%"
"2022-11-25","3.691","3.661","3.756","3.650","0.80%"
"2022-11-24","3.661","3.659","3.661","3.659","-0.75%"
"2022-11-23","3.689","3.829","3.799","3.689","-1.83%"
"2022-11-22","3.758","3.832","3.832","3.747","-2.14%"
"2022-11-21","3.840","3.816","3.844","3.762","0.29%"
"2022-11-18","3.829","3.788","3.833","3.745","1.58%"
"2022-11-17","3.769","3.694","3.805","3.681","2.15%"
"2022-11-16","3.690","3.777","3.844","3.671","-2.31%"
"2022-11-15","3.777","3.867","3.882","3.757","-2.23%"
"2022-11-14","3.863","3.895","3.906","3.848","1.38%"
"2022-11-10","3.811","4.092","4.117","3.807","-7.03%"
"2022-11-9","4.099","4.130","4.176","4.057","-0.70%"
"2022-11-8","4.128","4.224","4.243","4.121","-2.14%"
"2022-11-7","4.218","4.161","4.226","4.123","1.32%"
"2022-11-4","4.163","4.164","4.209","4.102","0.33%"
"2022-11-3","4.149","4.118","4.223","4.086","1.29%"
"2022-11-2","4.096","4.048","4.115","3.974","1.19%"
"2022-11-1","4.048","4.058","4.079","3.920","-0.04%"
"2022-10-31","4.050","4.016","4.112","4.016","0.99%"
"2022-10-28","4.010","3.929","4.050","3.911","2.12%"
"2022-10-27","3.927","4.011","4.086","3.898","-2.00%"
"2022-10-26","4.007","4.090","4.113","3.994","-2.27%"
"2022-10-25","4.100","4.226","4.232","4.052","-3.45%"
"2022-10-24","4.247","4.206","4.291","4.127","0.66%"
"2022-10-21","4.219","4.226","4.338","4.200","-0.32%"
"2022-10-20","4.233","4.142","4.243","4.098","2.29%"
"2022-10-19","4.138","4.013","4.140","4.009","3.27%"
"2022-10-18","4.007","3.998","4.067","3.961","-0.15%"
"2022-10-17","4.012","4.002","4.027","3.910","-0.25%"
"2022-10-14","4.023","3.964","4.031","3.851","1.85%"
"2022-10-13","3.950","3.906","4.080","3.842","1.21%"
"2022-10-12","3.902","3.951","3.978","3.884","-1.08%"
"2022-10-11","3.945","3.957","4.006","3.867","-0.25%"
"2022-10-10","3.955","3.951","3.957","3.951","1.73%"
"2022-10-7","3.888","3.819","3.910","3.818","1.56%"
"2022-10-6","3.828","3.749","3.846","3.731","1.94%"
"2022-10-5","3.755","3.625","3.789","3.615","3.30%"
"2022-10-4","3.635","3.615","3.659","3.562","-0.21%"
"2022-10-3","3.643","3.813","3.819","3.568","-4.86%"
"2022-9-30","3.829","3.783","3.843","3.682","1.25%"
"2022-9-29","3.782","3.753","3.868","3.721","1.19%"
"2022-9-28","3.737","3.947","4.019","3.695","-5.37%"
"2022-9-27","3.949","3.912","3.992","3.801","0.53%"
"2022-9-26","3.928","3.734","3.933","3.714","6.56%"
"2022-9-23","3.687","3.714","3.829","3.659","-0.63%"
"2022-9-22","3.710","3.546","3.718","3.514","4.98%"
"2022-9-21","3.534","3.563","3.640","3.499","-0.98%"
"2022-9-20","3.569","3.492","3.604","3.473","2.13%"
"2022-9-19","3.494","3.448","3.518","3.448","1.13%"
"2022-9-16","3.455","3.447","3.492","3.415","0.19%"
"2022-9-15","3.449","3.402","3.468","3.402","1.31%"
"2022-9-14","3.404","3.418","3.476","3.383","-0.22%"
"2022-9-13","3.412","3.346","3.460","3.293","1.61%"
"2022-9-12","3.358","3.315","3.377","3.262","1.28%"
"2022-9-9","3.315","3.319","3.333","3.247","-0.22%"
"2022-9-8","3.323","3.271","3.328","3.201","1.70%"
"2022-9-7","3.267","3.343","3.365","3.250","-2.50%"
"2022-9-6","3.351","3.223","3.355","3.208","3.96%"
"2022-9-5","3.223","3.227","3.227","3.221","0.89%"
"2022-9-2","3.195","3.265","3.290","3.174","-1.96%"
"2022-9-1","3.259","3.198","3.297","3.183","1.96%"
"2022-8-31","3.196","3.108","3.198","3.091","2.72%"
"2022-8-30","3.112","3.097","3.153","3.050","-0.06%"
"2022-8-29","3.114","3.069","3.130","3.069","2.77%"
"2022-8-26","3.030","3.035","3.087","3.007","-0.06%"
"2022-8-25","3.031","3.109","3.128","3.020","-2.51%"
"2022-8-24","3.109","3.055","3.126","3.022","1.71%"
"2022-8-23","3.057","3.026","3.078","2.983","1.10%"
"2022-8-22","3.024","2.989","3.040","2.943","1.61%"
"2022-8-19","2.976","2.875","2.998","2.875","3.12%"
"2022-8-18","2.886","2.899","2.913","2.835","-0.56%"
"2022-8-17","2.902","2.820","2.919","2.808","3.37%"
"2022-8-16","2.808","2.779","2.873","2.772","0.52%"
"2022-8-15","2.793","2.839","2.864","2.759","-1.72%"
"2022-8-12","2.842","2.888","2.906","2.835","-1.64%"
"2022-8-11","2.889","2.791","2.902","2.730","3.76%"
"2022-8-10","2.785","2.788","2.818","2.674","0.20%"
"2022-8-9","2.779","2.750","2.816","2.746","1.06%"
"2022-8-8","2.750","2.834","2.853","2.739","-2.72%"
"2022-8-5","2.827","2.677","2.869","2.674","4.94%"
"2022-8-4","2.694","2.717","2.745","2.656","-0.47%"
"2022-8-3","2.706","2.745","2.851","2.699","-1.52%"
"2022-8-2","2.748","2.568","2.774","2.516","6.21%"
"2022-8-1","2.588","2.669","2.696","2.575","-2.64%"
"2022-7-29","2.658","2.678","2.728","2.618","-0.48%"
"2022-7-28","2.671","2.759","2.827","2.649","-4.11%"
"2022-7-27","2.785","2.801","2.820","2.723","-0.65%"
"2022-7-26","2.803","2.801","2.810","2.707","-0.13%"
"2022-7-25","2.807","2.783","2.845","2.772","1.92%"
"2022-7-22","2.754","2.878","2.904","2.732","-4.44%"
"2022-7-21","2.882","3.021","3.083","2.871","-4.89%"
"2022-7-20","3.030","3.028","3.042","2.943","0.06%"
"2022-7-19","3.028","2.986","3.038","2.956","1.31%"
"2022-7-18","2.989","2.919","3.019","2.911","2.09%"
"2022-7-15","2.928","2.956","2.973","2.899","-1.00%"
"2022-7-14","2.958","2.941","3.028","2.911","0.75%"
"2022-7-13","2.935","2.965","3.071","2.899","-1.18%"
"2022-7-12","2.971","2.989","2.989","2.899","-0.74%"
"2022-7-11","2.993","3.097","3.103","2.967","-2.84%"
"2022-7-8","3.080","3.000","3.101","2.967","2.67%"
"2022-7-7","3.000","2.932","3.017","2.897","2.27%"
"2022-7-6","2.934","2.825","2.935","2.746","4.09%"
"2022-7-5","2.818","2.930","2.978","2.780","-3.87%"
"2022-7-4","2.932","2.930","2.934","2.930","1.46%"
"2022-7-1","2.889","3.024","3.028","2.791","-4.22%"
"2022-6-30","3.017","3.078","3.108","2.970","-2.29%"
"2022-6-29","3.087","3.179","3.187","3.087","-2.83%"
"2022-6-28","3.177","3.202","3.259","3.171","-0.76%"
"2022-6-27","3.202","3.134","3.219","3.121","2.04%"
"2022-6-24","3.138","3.079","3.141","3.039","1.58%"
"2022-6-23","3.089","3.152","3.175","3.005","-2.25%"
"2022-6-22","3.160","3.284","3.284","3.124","-3.62%"
"2022-6-21","3.279","3.275","3.317","3.258","0.06%"
"2022-6-20","3.277","3.277","3.277","3.277","1.41%"
"2022-6-17","3.231","3.227","3.313","3.194","1.13%"
"2022-6-16","3.195","3.303","3.495","3.178","-2.93%"
"2022-6-15","3.292","3.448","3.464","3.280","-5.39%"
"2022-6-14","3.479","3.379","3.498","3.267","3.49%"
"2022-6-13","3.362","3.172","3.440","3.155","6.22%"
"2022-6-10","3.165","3.055","3.178","2.990","3.92%"
"2022-6-9","3.046","3.034","3.073","3.007","0.61%"
"2022-6-8","3.027","2.986","3.042","2.983","1.61%"
"2022-6-7","2.979","3.044","3.064","2.957","-2.00%"
"2022-6-6","3.040","2.935","3.049","2.933","3.38%"
"2022-6-3","2.941","2.915","2.986","2.906","0.94%"
"2022-6-2","2.913","2.911","2.944","2.889","0.06%"
"2022-6-1","2.911","2.864","2.951","2.833","2.17%"
"2022-5-31","2.849","2.810","2.884","2.799","1.35%"
"2022-5-30","2.812","2.815","2.815","2.812","2.49%"
"2022-5-27","2.743","2.752","2.769","2.709","0.06%"
"2022-5-26","2.742","2.743","2.797","2.706","-0.33%"
"2022-5-25","2.751","2.756","2.776","2.708","-0.13%"
"2022-5-24","2.754","2.844","2.864","2.718","-3.72%"
"2022-5-23","2.861","2.806","2.873","2.797","2.59%"
"2022-5-20","2.788","2.848","2.880","2.774","-1.72%"
"2022-5-19","2.837","2.864","2.922","2.772","-1.63%"
"2022-5-18","2.884","2.988","3.015","2.873","-3.71%"
"2022-5-17","2.995","2.886","2.997","2.875","3.79%"
"2022-5-16","2.886","2.940","2.953","2.853","-1.43%"
"2022-5-13","2.928","2.862","2.944","2.852","2.54%"
"2022-5-12","2.855","2.911","2.911","2.816","-2.38%"
"2022-5-11","2.925","2.991","3.076","2.907","-2.15%"
"2022-5-10","2.989","3.034","3.072","2.942","-1.48%"
"2022-5-9","3.034","3.142","3.203","3.028","-3.46%"
"2022-5-6","3.142","3.052","3.146","3.039","3.55%"
"2022-5-5","3.035","2.964","3.108","2.925","3.00%"
"2022-5-4","2.946","3.001","3.011","2.901","-1.10%"
"2022-5-3","2.979","2.991","3.010","2.913","0.07%"
"2022-5-2","2.977","2.932","3.010","2.907","1.34%"
"2022-4-29","2.938","2.854","2.943","2.831","3.72%"
"2022-4-28","2.832","2.834","2.888","2.796","0.22%"
"2022-4-27","2.826","2.740","2.839","2.715","3.59%"
"2022-4-26","2.728","2.818","2.866","2.724","-3.19%"
"2022-4-25","2.818","2.889","2.895","2.760","-2.98%"
"2022-4-22","2.905","2.929","2.974","2.864","-0.11%"
"2022-4-21","2.908","2.836","2.954","2.836","2.60%"
"2022-4-20","2.834","2.960","2.981","2.819","-3.61%"
"2022-4-19","2.940","2.849","2.948","2.836","2.92%"
"2022-4-18","2.857","2.847","2.884","2.810","1.03%"
"2022-4-14","2.828","2.699","2.835","2.648","4.63%"
"2022-4-13","2.703","2.727","2.790","2.646","-0.90%"
"2022-4-12","2.727","2.803","2.836","2.674","-1.70%"
"2022-4-11","2.774","2.723","2.793","2.711","2.61%"
"2022-4-8","2.704","2.647","2.730","2.624","1.44%"
"2022-4-7","2.665","2.594","2.673","2.555","2.61%"
"2022-4-6","2.598","2.566","2.659","2.566","1.69%"
"2022-4-5","2.554","2.393","2.567","2.384","6.73%"
"2022-4-4","2.393","2.408","2.434","2.369","0.16%"
"2022-4-1","2.389","2.352","2.456","2.352","1.89%"
"2022-3-31","2.345","2.345","2.365","2.309","-0.54%"
"2022-3-30","2.358","2.400","2.435","2.334","-1.67%"
"2022-3-29","2.398","2.442","2.535","2.380","-2.75%"
"2022-3-28","2.466","2.473","2.557","2.414","-0.88%"
"2022-3-25","2.488","2.372","2.503","2.339","4.98%"
"2022-3-24","2.370","2.306","2.397","2.304","3.50%"
"2022-3-23","2.290","2.392","2.417","2.286","-3.82%"
"2022-3-22","2.381","2.293","2.392","2.293","3.65%"
"2022-3-21","2.297","2.149","2.320","2.148","6.68%"
"2022-3-18","2.153","2.158","2.190","2.133","-0.65%"
"2022-3-17","2.167","2.185","2.214","2.106","-1.14%"
"2022-3-16","2.192","2.149","2.246","2.135","2.00%"
"2022-3-15","2.149","2.135","2.169","2.078","0.34%"
"2022-3-14","2.142","2.034","2.147","2.025","7.26%"
"2022-3-11","1.997","1.990","2.022","1.960","0.18%"
"2022-3-10","1.993","1.951","2.021","1.911","2.15%"
"2022-3-9","1.951","1.865","1.957","1.837","6.03%"
"2022-3-8","1.840","1.773","1.878","1.758","3.58%"
"2022-3-7","1.777","1.683","1.806","1.668","2.26%"
"2022-3-4","1.737","1.854","1.854","1.698","-5.60%"
"2022-3-3","1.840","1.852","1.897","1.830","-2.02%"
"2022-3-2","1.878","1.741","1.910","1.700","9.49%"
"2022-3-1","1.716","1.840","1.866","1.682","-5.82%"
"2022-2-28","1.822","1.892","1.927","1.816","-7.55%"
"2022-2-25","1.970","1.972","2.016","1.934","0.00%"
"2022-2-24","1.970","1.970","1.981","1.846","-1.40%"
"2022-2-23","1.998","1.949","2.000","1.949","2.78%"
"2022-2-22","1.944","1.875","1.960","1.846","3.78%"
"2022-2-21","1.873","1.868","1.873","1.868","-2.78%"
"2022-2-18","1.927","1.954","1.995","1.916","-2.11%"
"2022-2-17","1.968","2.024","2.035","1.953","-3.51%"
"2022-2-16","2.040","2.040","2.065","2.007","-0.17%"
"2022-2-15","2.043","1.984","2.056","1.968","2.90%"
"2022-2-14","1.986","1.967","2.026","1.903","3.53%"
"2022-2-11","1.918","2.033","2.063","1.913","-6.13%"
"2022-2-10","2.043","1.939","2.056","1.923","5.04%"
"2022-2-9","1.945","1.954","1.958","1.909","-1.01%"
"2022-2-8","1.965","1.921","1.970","1.921","2.37%"
"2022-2-7","1.919","1.908","1.939","1.896","0.20%"
"2022-2-4","1.916","1.834","1.936","1.809","4.34%"
"2022-2-3","1.836","1.759","1.847","1.757","3.64%"
"2022-2-2","1.771","1.798","1.811","1.743","-1.29%"
"2022-2-1","1.795","1.787","1.820","1.739","0.61%"
"2022-1-31","1.784","1.789","1.816","1.770","0.30%"
"2022-1-28","1.778","1.808","1.854","1.771","-1.36%"
"2022-1-27","1.803","1.851","1.862","1.782","-3.72%"
"2022-1-26","1.873","1.778","1.880","1.765","5.44%"
"2022-1-25","1.776","1.769","1.797","1.728","0.00%"
"2022-1-24","1.776","1.772","1.785","1.707","0.31%"
"2022-1-21","1.770","1.791","1.801","1.733","-2.24%"
"2022-1-20","1.811","1.863","1.870","1.804","-2.31%"
"2022-1-19","1.854","1.873","1.902","1.822","-1.14%"
"2022-1-18","1.875","1.807","1.881","1.807","3.67%"
"2022-1-17","1.809","1.813","1.813","1.809","0.89%"
"2022-1-14","1.793","1.720","1.795","1.706","5.43%"
"2022-1-13","1.701","1.748","1.760","1.694","-2.92%"
"2022-1-12","1.752","1.743","1.753","1.711","0.31%"
"2022-1-11","1.746","1.769","1.785","1.737","-0.50%"
"2022-1-10","1.755","1.767","1.808","1.750","-0.59%"
"2022-1-7","1.765","1.725","1.801","1.711","2.16%"
"2022-1-6","1.728","1.700","1.753","1.686","1.66%"
"2022-1-5","1.700","1.656","1.712","1.640","3.09%"
"2022-1-4","1.649","1.617","1.686","1.614","0.75%"
"2022-1-3","1.637","1.531","1.642","1.529","8.26%"
"2021-12-31","1.512","1.512","1.526","1.491","0.35%"
"2021-12-30","1.507","1.551","1.553","1.501","-3.21%"
"2021-12-29","1.556","1.477","1.560","1.470","4.87%"
"2021-12-28","1.484","1.479","1.491","1.455","0.47%"
"2021-12-27","1.477","1.486","1.498","1.476","-1.03%"
"2021-12-23","1.493","1.457","1.501","1.452","2.71%"
"2021-12-22","1.453","1.450","1.486","1.448","-0.93%"
"2021-12-21","1.467","1.421","1.498","1.414","2.75%"
"2021-12-20","1.428","1.375","1.429","1.353","1.45%"
"2021-12-17","1.407","1.424","1.434","1.372","-1.19%"
"2021-12-16","1.424","1.462","1.482","1.412","-2.34%"
"2021-12-15","1.458","1.443","1.484","1.424","1.19%"
"2021-12-14","1.441","1.426","1.472","1.419","1.92%"
"2021-12-13","1.414","1.494","1.508","1.412","-4.60%"
"2021-12-10","1.482","1.501","1.520","1.451","-1.02%"
"2021-12-9","1.497","1.521","1.535","1.472","-2.02%"
"2021-12-8","1.528","1.472","1.537","1.427","3.12%"
"2021-12-7","1.482","1.429","1.487","1.427","3.45%"
"2021-12-6","1.433","1.378","1.443","1.370","5.61%"
"2021-12-3","1.356","1.431","1.472","1.335","-6.09%"
"2021-12-2","1.444","1.421","1.466","1.409","2.89%"
"2021-12-1","1.404","1.477","1.506","1.402","-3.61%"
"2021-11-30","1.456","1.511","1.524","1.412","-3.06%"
"2021-11-29","1.502","1.531","1.565","1.497","1.38%"
"2021-11-26","1.482","1.598","1.601","1.473","-7.18%"
"2021-11-25","1.596","1.601","1.603","1.596","-2.83%"
"2021-11-24","1.643","1.665","1.693","1.627","-1.96%"
"2021-11-23","1.676","1.624","1.684","1.615","2.65%"
"2021-11-22","1.632","1.560","1.634","1.546","5.45%"
"2021-11-19","1.548","1.587","1.608","1.515","-2.48%"
"2021-11-18","1.587","1.599","1.613","1.574","0.11%"
"2021-11-17","1.585","1.644","1.649","1.584","-3.35%"
"2021-11-16","1.640","1.618","1.646","1.594","1.38%"
"2021-11-15","1.618","1.575","1.632","1.541","3.06%"
"2021-11-12","1.570","1.577","1.589","1.541","-0.54%"
"2021-11-11","1.578","1.585","1.585","1.578","0.54%"
"2021-11-10","1.570","1.463","1.592","1.454","9.07%"
"2021-11-9","1.439","1.490","1.490","1.415","-3.61%"
"2021-11-8","1.493","1.464","1.504","1.460","2.64%"
"2021-11-5","1.455","1.545","1.552","1.436","-4.90%"
"2021-11-4","1.530","1.593","1.609","1.509","-4.60%"
"2021-11-3","1.603","1.554","1.609","1.519","3.65%"
"2021-11-2","1.547","1.568","1.573","1.528","-0.90%"
"2021-11-1","1.561","1.575","1.605","1.554","0.00%"
"2021-10-29","1.561","1.568","1.619","1.536","-1.10%"
"2021-10-28","1.578","1.541","1.584","1.530","1.81%"
"2021-10-27","1.550","1.617","1.634","1.520","-3.70%"
"2021-10-26","1.610","1.636","1.654","1.609","-1.40%"
"2021-10-25","1.633","1.648","1.673","1.620","-0.32%"
"2021-10-22","1.638","1.692","1.699","1.634","-3.43%"
"2021-10-21","1.696","1.665","1.705","1.638","2.14%"
"2021-10-20","1.660","1.658","1.673","1.620","1.19%"
"2021-10-19","1.641","1.591","1.646","1.566","3.10%"
"2021-10-18","1.591","1.589","1.627","1.576","1.12%"
"2021-10-15","1.574","1.519","1.579","1.518","3.81%"
"2021-10-14","1.516","1.547","1.566","1.507","-1.69%"
"2021-10-13","1.542","1.572","1.602","1.526","-1.88%"
"2021-10-12","1.572","1.629","1.631","1.565","-3.44%"
"2021-10-11","1.628","1.622","1.628","1.622","0.98%"
"2021-10-8","1.612","1.585","1.617","1.558","2.25%"
"2021-10-7","1.576","1.531","1.580","1.512","3.19%"
"2021-10-6","1.528","1.536","1.573","1.508","0.00%"
"2021-10-5","1.528","1.486","1.540","1.472","3.17%"
"2021-10-4","1.481","1.460","1.508","1.453","1.06%"
"2021-10-1","1.465","1.501","1.510","1.462","-1.84%"
"2021-9-30","1.492","1.510","1.557","1.484","-2.04%"
"2021-9-29","1.524","1.550","1.560","1.494","-1.46%"
"2021-9-28","1.546","1.484","1.567","1.475","3.72%"
"2021-9-27","1.491","1.465","1.516","1.442","2.62%"
"2021-9-24","1.453","1.428","1.466","1.405","1.21%"
"2021-9-23","1.435","1.309","1.437","1.309","10.07%"
"2021-9-22","1.304","1.316","1.345","1.296","-1.79%"
"2021-9-21","1.328","1.311","1.346","1.304","1.17%"
"2021-9-20","1.312","1.362","1.372","1.297","-3.73%"
"2021-9-17","1.363","1.339","1.385","1.326","2.04%"
"2021-9-16","1.336","1.304","1.351","1.294","2.47%"
"2021-9-15","1.304","1.287","1.321","1.260","1.58%"
"2021-9-14","1.284","1.326","1.350","1.263","-3.19%"
"2021-9-13","1.326","1.343","1.350","1.316","-1.26%"
"2021-9-10","1.343","1.304","1.355","1.300","3.52%"
"2021-9-9","1.297","1.338","1.346","1.287","-2.90%"
"2021-9-8","1.336","1.368","1.377","1.327","-2.96%"
"2021-9-7","1.377","1.336","1.385","1.336","3.05%"
"2021-9-6","1.336","1.334","1.336","1.334","0.77%"
"2021-9-3","1.326","1.292","1.336","1.267","3.15%"
"2021-9-2","1.285","1.304","1.305","1.283","-1.04%"
"2021-9-1","1.299","1.317","1.334","1.283","-0.64%"
"2021-8-31","1.307","1.280","1.316","1.270","2.10%"
"2021-8-30","1.280","1.307","1.316","1.278","-2.30%"
"2021-8-27","1.310","1.347","1.359","1.300","-3.23%"
"2021-8-26","1.354","1.344","1.375","1.332","0.38%"
"2021-8-25","1.349","1.295","1.352","1.283","4.02%"
"2021-8-24","1.297","1.257","1.299","1.257","3.48%"
"2021-8-23","1.253","1.260","1.283","1.252","-0.14%"
"2021-8-20","1.255","1.243","1.267","1.227","0.94%"
"2021-8-19","1.243","1.263","1.267","1.220","-1.33%"
"2021-8-18","1.260","1.260","1.300","1.255","-0.53%"
"2021-8-17","1.267","1.263","1.273","1.217","-0.13%"
"2021-8-16","1.268","1.285","1.285","1.223","-1.17%"
"2021-8-13","1.283","1.357","1.364","1.280","-5.68%"
"2021-8-12","1.361","1.345","1.379","1.334","1.89%"
"2021-8-11","1.335","1.357","1.378","1.302","-1.38%"
"2021-8-10","1.354","1.322","1.357","1.307","2.17%"
"2021-8-9","1.325","1.297","1.331","1.268","1.54%"
"2021-8-6","1.305","1.227","1.305","1.225","6.54%"
"2021-8-5","1.225","1.190","1.229","1.169","3.80%"
"2021-8-4","1.180","1.177","1.215","1.127","0.56%"
"2021-8-3","1.174","1.181","1.200","1.154","-0.43%"
"2021-8-2","1.179","1.237","1.245","1.151","-3.81%"
"2021-7-30","1.226","1.263","1.264","1.224","-3.18%"
"2021-7-29","1.266","1.239","1.284","1.231","2.28%"
"2021-7-28","1.238","1.243","1.278","1.226","-0.14%"
"2021-7-27","1.239","1.290","1.290","1.229","-4.26%"
"2021-7-26","1.295","1.283","1.296","1.221","1.04%"
"2021-7-23","1.281","1.268","1.311","1.268","0.37%"
"2021-7-22","1.277","1.288","1.317","1.233","-1.17%"
"2021-7-21","1.292","1.227","1.303","1.194","5.72%"
"2021-7-20","1.222","1.209","1.225","1.128","1.93%"
"2021-7-19","1.199","1.270","1.290","1.174","-7.81%"
"2021-7-16","1.300","1.302","1.336","1.292","0.00%"
"2021-7-15","1.301","1.346","1.349","1.292","-3.60%"
"2021-7-14","1.349","1.415","1.423","1.347","-4.87%"
"2021-7-13","1.418","1.366","1.422","1.343","3.69%"
"2021-7-12","1.368","1.361","1.376","1.326","0.48%"
"2021-7-9","1.361","1.306","1.363","1.306","5.15%"
"2021-7-8","1.294","1.320","1.321","1.250","-2.15%"
"2021-7-7","1.323","1.357","1.368","1.296","-2.12%"
"2021-7-6","1.352","1.439","1.449","1.348","-5.86%"
"2021-7-5","1.436","1.437","1.437","1.436","0.35%"
"2021-7-2","1.431","1.468","1.471","1.426","-1.98%"
"2021-7-1","1.459","1.470","1.485","1.454","-0.58%"
"2021-6-30","1.468","1.477","1.485","1.438","-0.46%"
"2021-6-29","1.475","1.483","1.510","1.471","-0.46%"
"2021-6-28","1.482","1.528","1.534","1.471","-2.79%"
"2021-6-25","1.524","1.494","1.544","1.478","1.69%"
"2021-6-24","1.499","1.485","1.505","1.477","0.91%"
"2021-6-23","1.485","1.468","1.499","1.458","1.27%"
"2021-6-22","1.467","1.494","1.509","1.462","-2.04%"
"2021-6-21","1.497","1.440","1.497","1.354","3.74%"
"2021-6-18","1.443","1.516","1.524","1.438","-4.48%"
"2021-6-17","1.511","1.587","1.594","1.472","-4.41%"
"2021-6-16","1.581","1.496","1.594","1.482","6.15%"
"2021-6-15","1.489","1.494","1.513","1.480","-0.56%"
"2021-6-14","1.497","1.462","1.502","1.455","3.01%"
"2021-6-11","1.454","1.442","1.472","1.428","1.16%"
"2021-6-10","1.437","1.491","1.535","1.435","-3.72%"
"2021-6-9","1.492","1.536","1.536","1.472","-2.97%"
"2021-6-8","1.538","1.570","1.574","1.513","-1.95%"
"2021-6-7","1.569","1.567","1.582","1.564","0.76%"
"2021-6-4","1.557","1.628","1.635","1.555","-4.20%"
"2021-6-3","1.625","1.586","1.630","1.584","2.25%"
"2021-6-2","1.589","1.613","1.622","1.587","-1.06%"
"2021-6-1","1.606","1.608","1.639","1.605","-0.21%"
"2021-5-31","1.610","1.608","1.610","1.608","1.83%"
"2021-5-28","1.581","1.615","1.623","1.577","-1.59%"
"2021-5-27","1.606","1.581","1.625","1.571","1.61%"
"2021-5-26","1.581","1.564","1.582","1.552","1.31%"
"2021-5-25","1.560","1.608","1.610","1.554","-2.65%"
"2021-5-24","1.603","1.620","1.627","1.596","-1.26%"
"2021-5-21","1.623","1.635","1.640","1.613","-0.31%"
"2021-5-20","1.628","1.673","1.680","1.625","-2.85%"
"2021-5-19","1.676","1.642","1.692","1.620","2.19%"
"2021-5-18","1.640","1.647","1.657","1.628","-0.72%"
"2021-5-17","1.652","1.635","1.652","1.605","1.04%"
"2021-5-14","1.635","1.663","1.668","1.625","-1.44%"
"2021-5-13","1.659","1.702","1.707","1.651","-2.03%"
"2021-5-12","1.693","1.629","1.701","1.609","4.42%"
"2021-5-11","1.622","1.602","1.631","1.586","1.12%"
"2021-5-10","1.604","1.586","1.609","1.559","1.58%"
"2021-5-7","1.579","1.566","1.584","1.469","0.59%"
"2021-5-6","1.570","1.580","1.591","1.557","-0.11%"
"2021-5-5","1.571","1.592","1.626","1.568","-1.21%"
"2021-5-4","1.591","1.605","1.624","1.557","-0.55%"
"2021-5-3","1.599","1.631","1.655","1.578","-1.63%"
"2021-4-30","1.626","1.645","1.659","1.620","-0.95%"
"2021-4-29","1.641","1.615","1.690","1.615","1.89%"
"2021-4-28","1.611","1.620","1.661","1.608","-0.87%"
"2021-4-27","1.625","1.570","1.630","1.570","3.62%"
"2021-4-26","1.568","1.563","1.599","1.556","0.57%"
"2021-4-23","1.559","1.547","1.582","1.531","1.16%"
"2021-4-22","1.542","1.554","1.587","1.531","-1.12%"
"2021-4-21","1.559","1.564","1.586","1.554","-0.45%"
"2021-4-20","1.566","1.598","1.633","1.557","-2.73%"
"2021-4-19","1.610","1.578","1.617","1.552","1.23%"
"2021-4-16","1.590","1.565","1.599","1.552","1.03%"
"2021-4-15","1.574","1.641","1.646","1.528","-3.67%"
"2021-4-14","1.634","1.615","1.650","1.611","0.88%"
"2021-4-13","1.620","1.676","1.703","1.616","-2.97%"
"2021-4-12","1.669","1.674","1.685","1.644","0.44%"
"2021-4-9","1.662","1.633","1.687","1.621","2.20%"
"2021-4-8","1.626","1.669","1.674","1.617","-3.16%"
"2021-4-7","1.679","1.663","1.679","1.628","1.29%"
"2021-4-6","1.658","1.700","1.716","1.653","-2.91%"
"2021-4-5","1.707","1.705","1.745","1.700","2.06%"
"2021-4-2","1.673","1.670","1.729","1.667","0.00%"
"2021-4-1","1.673","1.737","1.753","1.672","-4.04%"
"2021-3-31","1.744","1.717","1.753","1.708","1.99%"
"2021-3-30","1.710","1.713","1.776","1.706","-0.41%"
"2021-3-29","1.717","1.672","1.728","1.635","2.56%"
"2021-3-26","1.674","1.626","1.681","1.619","2.51%"
"2021-3-25","1.633","1.612","1.642","1.591","1.21%"
"2021-3-24","1.614","1.615","1.651","1.589","-0.53%"
"2021-3-23","1.622","1.682","1.702","1.615","-4.27%"
"2021-3-22","1.695","1.707","1.709","1.663","-2.04%"
"2021-3-19","1.730","1.710","1.750","1.671","1.38%"
"2021-3-18","1.706","1.660","1.754","1.629","3.66%"
"2021-3-17","1.646","1.621","1.689","1.616","1.53%"
"2021-3-16","1.621","1.602","1.628","1.585","0.88%"
"2021-3-15","1.607","1.637","1.639","1.595","-1.07%"
"2021-3-12","1.625","1.541","1.642","1.532","5.83%"
"2021-3-11","1.535","1.521","1.547","1.475","0.92%"
"2021-3-10","1.521","1.525","1.566","1.506","-0.45%"
"2021-3-9","1.528","1.589","1.594","1.523","-4.67%"
"2021-3-8","1.603","1.597","1.613","1.575","1.67%"
"2021-3-5","1.577","1.566","1.625","1.535","1.25%"
"2021-3-4","1.557","1.486","1.569","1.450","4.91%"
"2021-3-3","1.484","1.402","1.498","1.398","6.15%"
"2021-3-2","1.398","1.424","1.453","1.390","-1.92%"
"2021-3-1","1.426","1.395","1.460","1.383","1.34%"
"2021-2-26","1.407","1.529","1.558","1.381","-8.08%"
"2021-2-25","1.530","1.379","1.614","1.374","11.52%"
"2021-2-24","1.372","1.343","1.435","1.330","2.16%"
"2021-2-23","1.343","1.369","1.389","1.342","-1.86%"
"2021-2-22","1.369","1.363","1.394","1.326","2.16%"
"2021-2-19","1.340","1.292","1.363","1.282","3.27%"
"2021-2-18","1.297","1.274","1.318","1.258","1.19%"
"2021-2-17","1.282","1.329","1.333","1.269","-2.18%"
"2021-2-16","1.311","1.250","1.317","1.223","4.85%"
"2021-2-15","1.250","1.250","1.250","1.250","3.32%"
"2021-2-12","1.210","1.163","1.213","1.150","3.87%"
"2021-2-11","1.165","1.147","1.166","1.132","3.61%"
"2021-2-10","1.124","1.164","1.176","1.122","-3.10%"
"2021-2-9","1.160","1.164","1.172","1.140","-1.32%"
"2021-2-8","1.176","1.172","1.200","1.150","0.60%"
"2021-2-5","1.169","1.138","1.188","1.129","2.90%"
"2021-2-4","1.136","1.143","1.162","1.131","-0.29%"
"2021-2-3","1.139","1.108","1.141","1.105","4.07%"
"2021-2-2","1.095","1.083","1.118","1.074","1.44%"
"2021-2-1","1.079","1.071","1.089","1.060","0.79%"
"2021-1-29","1.071","1.048","1.105","1.042","1.80%"
"2021-1-28","1.052","1.023","1.072","0.996","3.85%"
"2021-1-27","1.013","1.040","1.050","1.001","-1.97%"
"2021-1-26","1.033","1.043","1.053","1.028","0.00%"
"2021-1-25","1.033","1.096","1.103","1.030","-4.85%"
"2021-1-22","1.086","1.113","1.118","1.080","-2.14%"
"2021-1-21","1.109","1.085","1.123","1.077","3.01%"
"2021-1-20","1.077","1.100","1.107","1.075","-1.39%"
"2021-1-19","1.092","1.102","1.121","1.087","-0.77%"
"2021-1-18","1.100","1.099","1.100","1.099","1.25%"
"2021-1-15","1.087","1.128","1.128","1.084","-3.75%"
"2021-1-14","1.129","1.085","1.138","1.075","3.44%"
"2021-1-13","1.092","1.117","1.134","1.071","-3.31%"
"2021-1-12","1.129","1.146","1.187","1.129","-1.33%"
"2021-1-11","1.144","1.107","1.148","1.097","2.29%"
"2021-1-8","1.119","1.079","1.125","1.075","3.47%"
"2021-1-7","1.081","1.037","1.088","1.029","4.07%"
"2021-1-6","1.039","0.950","1.054","0.945","8.80%"
"2021-1-5","0.955","0.922","0.963","0.916","4.00%"
"2021-1-4","0.918","0.930","0.953","0.906","0.19%"
"2020-12-31","0.916","0.927","0.937","0.911","-1.07%"